,x,y
0,TFGAGEADCGLRPLFEKKQVQDQTEKELFESYIEGRXIVEGQDAEVGLSPWQVMLFRKSPQELLCGASLISDRWVLTAAHCLLYPPWDKNFTVDDLLVRIGKHSRTRYERKVEKISMLDKIYIHPRYNWKENLDRDIALLKLKRPIELSDYIHPVCLPDKQTAAKLLHAGFKGRVTGWGNRRETWTTSVAEVQPSVLQVVNLPLVERPVCKASTRIRITDNMFCAGYKPGEGKRGDACEGDSGGPFVMKSPYNNRWYQMGIVSWGEGCDRDGKYGFYTHVFRLKKWIQKVIDRLGS,-1
1,TVCNLRRCQLSCRSLGLLGKCIGVKCECVKH,-1
2,DQNFDYMFKLLIIGNSSVGKTSFLFRYADDSFTSAFVSTVGIDFKVKTVFKNEKRIKLQIWDTAGQERYRTITTAYYRGAMGFILMYDITNEESFNAVQDWSTQIKTYSWDNAQVILAGNKCDMEDERVVSTERGQRLGEQLGFEFFETSAKDNINVKQTFERLVDIICDKMSESLETDPAITAAKQSTRL,1
3,DPMNRAAVKLIRENQLGKLGMVTTDNSDVMDQNDPAQQWRLRRELAGGGSLMDIGIYGLNGTRYLLGEEPIEVRAYTYSDPNDERFVEVEDRIIWQMRFRSGALSHGASSYSTTTTSRFSVQGDKAVLLMDPATGYYQNLISVQTPGHANQSMMPQFIMPAN,-1
4,VEYRNWSKPQCQITGFAPFSKDNSIRLSAGGDIWVTREPYVSCDPVKCYQFALGQGTTLDNKHSNDTVHDRIPHRTLLMNELGVPFHLGTRQVCIAWSSSSCHDGKAWLHVCITGDDKNATASFIYDGRLVDSIGSWSQNILRTQESECVCINGTCTVVMTDGSASGRADTRILFIEEGKIVHISPLAGSAQHVEECSCYPRYPGVRCICRDNWKGSNRPVVDINMEDYSIDSSYVCSGLVGDTPRNDDRSSNSNCRNPNNERGTQGVKGWAFDNGNDLWMGRTISKDLRSGYETFKVIGGWSTPNSKSQINRQVIVDSDNRSGYSGIFSVEGKSCINRCFYVELIRGRKQETRVWWTSNSIVVFCGTSGTYGTGSWPDGANINFMPI,-1
5,ARTVKLLLLGAGESGKSTIVKQMKIIHQDGXTGIIETQFSFKDLNFRMFDVGGQRSERKKWIHCFEGVTCIIFIAALSAYDMVLVEDDEVNRMHESLHLFNSICNHRYFATTSIVLFLNKKDVFSEKIKKAHLSICFPDYNGPNTYEDAGNYIKVQFLELNMRRDVKEIYSHMTCATDTQNVKFVFDAVTDIIIKE,1
6,YSDELRQRLAARLEALKENG,-1
7,QLDASIPVTFTKDNRVYIGPKMEIRVVTLGLDGAGKTTILFKLKQDEFMQPIPTIGFNVETVEYKNLKFTIWDVGEKHKLRPLWKHYYLNTQAVVFVVDSSHRDRISEAHSELAKLLTEKELRDALLLIFANKQDVAGALSVEEITELLSLHKLCCGRSWYIQGCDARSGMGLYEGLDWLSRQLVAAGVLDVA,1
8,MDPNQNVKCKIVVVGDSQCGKTALLHVFAKDCFPENYVPTVFENYTASFEIDTQRIELSLWDTSGSPYYDNVRPLSYPDSDAVLICFDISRPETLDSVLKKWKGEIQEFCPNTKMLLVGCKSDLRTDVSTLVELSNHRQTPVSYDQGANMAKQIGAATYIECSALQSENSVRDIFHVATLACVNKTNKNVKRNKSQ,1
9,EISCEPGKTFKDKCNTCRCGADGKSAACTLKACPNQ,-1
10,PCSDSKAIAQVGTISANSDETVGKLIAEAMDKVGKEGVITVEDGTGLQDELDVVXVAVIKVGAATEVEMKEKKARVEDALHATRAAVEE,-1
11,DIVMTQSPSSLTVTAGEKVTMSCTSSQSLFNSGKQKNYLTWYQQKPGQPPKVLIYWASTRESGVPDRFTGSGSGTDFTLTISSVQAEDLAVYYCQNDYSNPLTFGGGTKLELKR,-1
12,KMLQFNLRWPREVLDLVRKVAEENGRSVNSEIYQRVMESFKKEGRIG,-1
13,TATPTIGHVGPMMAKPGVTITIDGRGFGSSKGTVYFGTTAVSGADITSWEDTQIKVKIPAVAGGNYNIKVANAAGTASNVYDNFEV,-1
14,STRLMLHSKAQTSVLQLAAERGAVEDIELHEVMLTGFRDVRCVESGGPEPGVGCAGRGIITAINFLEENGAYTDVDFVSYDVLGDVVCGGFAMPIREGKAQEIYIVTS,1
15,GIGAVLKVLTTGLPALISWIKRKRQQ,-1
16,GVEINVKCSGSPQCLKPCKDAGMRFGKCMNRKCHCTP,-1
17,SRPIVISGPSGTGKSTLLKKLFAEYPDSFGFSVSSTTRTPRAGEVNGKDYNFVSVDEFKSMIKNNEFIEWAQFSGNYYGSTVASVKQVSKSGKTCILDIDMQGVKSVKAIPELNARFLFIAPPSVEDLKKRLEGRGTETEESINKRLSAAQAELAYAETGAHDKVIVNDDLDKAYKELKDFIFAEK,1
18,MSKRYFVTGTDTEVGKTVASCALLQAAKAAGYRTAGYKPVASGSEKTPEGLRNSDALALQRNSSLQLDYATVNPYTFAEPTSPHIISAQEGRPIESLVMSAGLRALEQQADWVLVEGAGGWFTPLSDTFTFADWVTQEQLPVILVVGVKLGCINHAMLTAQVIQHAGLTLAGWVANDVTPPGKRHAEYMTTLTRMIPAPLLGEIPWLAENPENAATGKYINLAFVDASTLGFTSRL,1
19,KSCCRSTLGRNCYNLCRARGAQKLCAGVCRCKISSGLSCPKGFPK,-1
20,TSTTAYNVIKKLAPLRKSNPAIAYGTTQQRWINNDVYIYERKFGNNVALVAINRNLSTSYNITGLYTALPAGTYTDVLGGLLNGNSISVASDGSVTPFTLSAGEVAVWQYVSS,-1
21,MDPVDPNIEPWNHPGSQPKTACNRCHCKKCCYHCQVCFIKKGLGISYGRKKRRQRRRPSQGGQTHQDPIPKQPSSQPRGDPTGPKE,-1
22,NLKLGFLVKQPEEPWFQTEWKFADKAGKDLGFEVIKIAVPDGEKTLNAIDSLAASGAKGFVICTPDPKLGSAIVAKARGYDMKVIAVDDQFVNAKGKPMDTVPLVMLAATKIGERQGQELYKEMQKRGWDVKESAVMAITANELDTARRRTTGSMDALKAAGFPEKQIYQVPTKSNDIPGAFDAANSMLVQHPEVKHWLIVGMNDSTVLGGVRATEGQGFKAADIIGIGINGVDAVSELSKAQATGFYGSLLPSPDVHGYKSSEMLYNWVAKDVEPPKFTEVTDVVLITRDNFKEELEKKGLGGK,-1
23,MPAIVLIGAQWGDEGKGKATDLLGGRVQWVVRYQGGNNAGHTVVLPTGENFALHLIPSGVLTPGVTNVIGNGVVIDPGVLLNELRGLQDRGVDTAKLLISADAHLLMPYHIAIDKVTERYMGSKKIGTTGRGIGPCYQDKIARIGIRVADVLDPEQLTHKVEAACEFKNQVLVKIYNRKALDPAQVVDALLEQAEGFKHRIADTRLLLNAALEAGETVLLEGSQGTLLDVDHGTYPYVTSSNPTAGGAAVGSGIGPTRIGTVLGILKAYTTRVGSGPFPTELFDEHGEYLSKTGREFGVTTGRRRRCGWFDAVIARYAARVNGITDYFLTKLDVLSSLESVPVCVGYEIDGRRTRDMPMTQRDLCRAKPVYEELPGWWEDISGAREFDDLPAKARDYVLRLEQLAGAPVSCIGVGPGREQTIVRRDVLQDRP,1
24,EQEQERGITINAANVSMVHEYEGQDYLINLIDTPGHVDFGGDVTRAMRAVDGVIVVVDAVEGVMPQTETVLRQALKENVKPVLFVNKVDRLIKELELTPQQMQERLIKV,1
25,MQVWPILNLKKYETLSYLPPLTTDQLARQVDYLLNNKWVPCLEFETDHGFVYREHHNSPGYYDGRYWTMWKLPMFGCTDPAQVLNELEECKKEYPNAFIRIIGFDSNREVQCISFIAYKPAGY,-1
26,ADTIVAVELDTYPNTDIGDPSYPHIGIDIKSVRSKKTAKWNMQNGKVGTAHIIYNSVDKRLSAVVSYPNADSATVSYDVDLDNVLPEWVRVGLSASTGLYKETNTILSWSFTSKLKSNSTHETNALHFMFNQFSKDQKDLILQGDATTGTDGNLELTRVSSNGSPQGSSVGRALFYAPVHIWESSAVVASFEATFTFLIKSPDSHPADGIAFFISNIDSSIPSGSTGRLLGLFPDAN,-1
27,EPLQNEIGEEVFVSPITGEIHPITDVPDQVFSGKMMGDGFAILPSEGIVVSPVRGKILNVFPTKHAIGLQSDGGREILIHFGIDTVSLKGEGFTSFVSEGDRVEPGQKLLEVDLDAVKPNVPSLMTPIVFTNLAEGETVSIKASGSVNREQEDIVKIE,-1
28,AKVLCVLYDDPVDGYPKTYARDDLPKIDHYPGGQTLPTPKAIDFTPGQLLGSVSGELGLRKYLESNGHTLVVTSDKDGPDSVFERELVDADVVISQPFWPAYLTPERIAKAKNLKLALTAGIGSDHVDLQSAIDRNVTVAEVTYCNSXTTLTAQARYAAGTREILECFFEGRPIRDEYLIVQGGALA,-1
29,EAEREDRLQKEYFAEQKSPMLVDYVQRELADGSRTVVETEHWLAVVPYWAAWPFETLLLPKAHVLRITDLTDAQRSDLALALKKLTSRYDNLFQCSFPYSMGWHGAPFNGEENQHWQLHAHFYPPLLRSATVRKFMVGYEMLAETQRDLTAEQAAERLRAVSDIHFRESGV,-1
30,PSVFLFPPKPKDTLMISRTPEVTCVVVDVSHEDPQVKFNWYVDGVQVHNAKTKPREQQYNSTYRVVSVLTVLHQNWLDGKEYKCKVSNKALPAPIEKTISKAKG,-1
31,RGYQSYLITLPKDGDLKQAVDIIRPLRLGMALQNVPTIRHILLDAAVLGDKRSYSSRTEPLSDEELDKIAKQLNLGRWNFYGALYGPEPIRRVLWETIKDAFSAIPGVKFYFPEDTPENSVLRVRDKTMQGIPTYDELKWIDWLPNGAHLFFSPIAKVSGEDAMMQYAVTKKRCQEAGLDFIGTFTVGMREMHHIVCIVFNKKDLIQKRKVQWLMRTLIDDCAANGWGEYRTHLAFMDQIMETYNWNNSSFLRFNEVLKNAVDPNGIIAPGKSGVWPSQYSHVTWKL,-1
32,QSFIYATQILERITLANLNNPVPLQLFLIGNKCDLKRNQVISTNEGKSVARTFKCDFLEVSALLGMNTEETWTTILKELQVNFITDI,1
33,ADAAPTVSIFPPSSEQLTSGGASVVCFLNNFYPKDINVKWKIDGSERQNGVLNSWTDQDSKDSTYSMSSTLTLTKDEYERHNSYTCEATHKTSTSPIVKSFNRNEC,-1
34,YDYHFVVSYLNSRLKILIGDKMIFITGTDTGIGKTYVSSILAENLKKMGINVGYLKPVETGGREDTLTLKNILNTDDDLDLMNPINLKLPLSPNIAFDVENSPLTLDEIKEKIKNAYETLKEKYDFLIVEGAGGVCVPIKEDFLMSDLIKFLGLDAVVVSRPNLGTINHTLLTVEHLRNKGINVRGVIINCITDLSEVLYYEKTFETIEKVGNIEIIGIVKSREDFEIDFEKILR,1
35,MPVLENRAAQGDITAPGGARRLTGDQTAALRDSLSDKPAKNIILLIGDGMGDSEITAARNYAEGAGGFFKGIDALPLTGQYTHYALNKKTGKPDYVTDSAASATAWSTGVKTYNGALGVDIHEKDHPTILEMAKAAGLATGNVSTAELQHATPAALVAHVTSRKCYGPSATSEKCPGNALEKGGKGSITEQLLNARADVTLGGGAKTFAETATAGEWQGKTLREQAQARGYQLVSDAASLNSVTEANQQKPLLGLFADGNMPVRWLGPKATYHGNIDKPAVTCTPNPQRNDSVPTLAQMTDKAIELLSKNEKGFFLQVEGASIDKQDHAANPCGQIGETVDLDEAVQRALEFAKKEGNTLVIVTADHAHASQIVAPDTKAPGLTQALNTKDGAVMVMSYGNSEEDSQEHTGSQLRIAAYGPHAANVVGLTDQTDLFYTMKAALGLK,-1
36,AEYTLPDLDWDYGALEPHISGQINELHHSKHHATYVKGANDAVAKLEEARAKEDHSAILLNEKNLAFNLAGHVNHTIWWKNLSP,-1
37,MADARKNNVTIKVGMIGDSSIGKTSLMVTYVQGSFDEESTQTLGVNFMEKTISIRNTEITFSIWDLGGQREFVNMLPMVCNDAVAILFMFDLSRKSTLNSIKEWYRQARGFNKTAVPILIGTKYDHFMTFPREDQEEITKQARRYAKAMKASLVFCSTSHSINVQKIFKIVLAKVFDLKCTIPEIKNVGDPILEYIDR,1
38,DLEKLRWMNGKYIREVLSLEEVAERVKPFLREAGLSWESEAYLRRAVELMRPRFDTLKEFPEKARYLFTEDYPVSEKAQRKLEEGLPLLKELYPRLRAQEEWTEAALEALLRGFAAEKGVKLGQVAQPLRAALTGSLETPGLFEILALLGKERALRRLERALA,-1
39,SLEAAQKSNVTSSWAKASAAWGTAGPEFFMALFDAHDDVFAKFSGLFSGAAKGTVKNTPEMAAQAQSFKGLVSNWVDNLDNAGALEGQCKTFAANHKARGISAGQLEAAFKVLSGFMKSYGGDEGAWTAVAGALMGEIEPDM,-1
40,EVQLVESGGDLVKPGGSLKLSCAASGFSFSSYGMSWVRQTPDKRLEWVATISNGGGYTYYPDSVKGRFTISRDNAKNTLYLQMSSLKSEDSAMYYCARRERYDENGFAYWGQGTLVTVS,-1
41,MTEYKLVVVGAGRVGKSALTIQLIQNHFVDEYDPTIE,1
42,GSPGIHESKEWYHASLTRAQAEHMLMRVPRDGAFLVRKRNEPNSYAISFRAEGKIKHCRVQQEGQTVMLGNSEFDSLVDLISYYEKHPLYRKMKLRYPINEENSS,-1
43,MLFHVKMTVKLPVDMDPAKATQLKADEKELAQRLQREGTWRHLWRIAGHYANYSVFDVPSVEALHDTLMQLPLFPYMDIEVDGLCRHPSSIHSDDR,-1
44,STIEERVKKIIGEQLGVKQEEVTNNASFVEDLGADSLDTVELVMALEEEFDTEIPDEEAEKITTVQAAIDYINGHQA,-1
45,DQIVTFMQKVEKSTILQNGIKLVLLGAPNVGKSSLVNSLTNDDISIVSDIPGTTRDSIDAMINV,1
46,MTANTYKLVMLGGGAVGKSAITVQLVSGHFVQIYDPTIEDSYRTSISVDGEMVSLDILDTAGQEEYSALRDQYMRSGDGYVIVYSITSTTSFLEANGFREQLYRVLDKDVSEHVSIALCGNKCDLESERQVQTNEAKNLAEQWKVLFFETSAKAKINITETFQALVKDIKANRAATEPSATTAEANDSKGKKDKKEKK,1
47,SESSKPCCDQCSCTKSMPPKCRCSDIRNDFCYEPCK,-1
48,SVQDLNDLLSDGSGCYSLPSQPCNEVTPRIYVGNASVAQDIPKLQKLGITHVLNAAEGRSFMHVNTNANFYKDSGITYLGIKANDTQEFNLSAYFERAADFIDQALAQKNGRVLVHCREGYSRSPTLVIAYLMMRQKMDVKSALSIVRQNREIGPNDGFLAQLCQLNDRLAKEGKLKP,-1
49,ESIRMVLIGPPGAGKGTQAPNLQERFHAAHLATGDMLRSQIAKGTQLGLEAKKIMDQGGLVSDDIMVNMIKDELTNNPACKNGFILDGFPRTIPQAEKLDQMLKEQGTPLEKAIELKVDDELLVARITGRLIHPASGRSYHKIFNPPKEDMKDDVTGEALVQRSDDNADALKKRLAAYHAQTEPIVDFYKKTGIWAGVDASQPPATVWADILNKLGKN,1
50,VIFRGPDRIPSIVASSVTPGVVTAFAEKRVGGGDPGALSNTNDIITRTSRDGGITWDTELNLTEQINVSDEFDFSDPRPIYDPSSNTVLVSYARWPTDAAQNGDRIKPWMPNGIFYSVYDVASGNWQAPIXVNPGPGHGITLTRQQNISGSQNGRLIYPAIVLDRFFLNVMSIYSDDGGSNWQTGSTLPIPFRWKSSSILETLEPSEADMVELQNGDLLLTARLDFNQIVNGVNYSPRQQFLSKDGGITWSLLEANNANVFSNISTGTVDASITRFEQSDGSHFLLFTNPQGNPAGTNGRQNLGLWFSFDEGVTWKGPIQLVNGASAYSDIYQLDSENAIVIVETDNSNMRILRMPITLLKQKLTLSQN,-1
51,EGQATHTGPKGVINDWRKFKLESEDGDSIPPSKKEILRQMSSPQSRDDKDSKERSRKSIQEYELIHQDKEDEGCLRKYRRQCQDHQKLSFGPRYGFVYELETGEQFLETIEKEQKVTTIVVNIYEDGVRGCDALNSSLECLAAEYPVKFCKIRASNTGAGDRFSSDVLPTLLVYKGGELISNFISVAEQFAEDFFAADVESFLNEYGLLPER,-1
52,MKLIFLSGVKRSGKDTTADFIMSNYSAVKYQLAGPIKDALAYAWGVFAANTDYPLTRKEFEGIDYDRETNLNLTKLEVITIMEQAFCYLNGKSPIKGVFVFDDEGKESVNFVAFNKITDVINNIEDQWSVRRLMQALGTDLIVNNFDRMYWVKLFALDYLDKFNSGYDYYIVPDTRQDHEMDAARAMGATVIHVVRPGQKSNDTHITEAGLPIRDGDLVITNDGSLEELFSKIKNTLKVL,1
53,KRGLTDPERAAIIAAAVPDHALDTQRKYHYFIQPRWKPLSEYEQLSCYAQPNPDWIAGGLDWGDWTQKFHGGRPSWGNESTELRTTDWYRHRDPARRWHHPYVKDKSEEARYTQRFLAAYSSEGSIRTIDPYWRDEILNKYFGALLYSEYGLFNAHSSVGRDCLSDTIRQTAVFAALDKVDNAQMIQMERLFIAKLVPGFDASTDVPKKIWTTDPIYSGARATVQEIWQGVQDWNEILWAGHAVYDATFGQFARREFFQRLATVYGDTLTPFFTAQSQTYFQTTRGAIDDLFVYCLANDSEFGAHNRTFLNAWTEHYLASSVAALKDFVGLYAKVEKVAGATDSAGVSEALQRVFGDWKIDYADKIGFRVDVDQKVDAVLAGY,-1
54,IMTTRNTGQPATDHYYSNVTATRLLSSTNSRLCAVFVRSGQPVIGACTSPYDGKYWSMYSRLRKMLYLIYVAGISVRVHVSKEEQYYDYEDATFETYALTGISICNPGSSLC,-1
55,TRRIMLQGTGSDVGKSVLVAGLCRLAANQGLKVRPFKPQNMSNNAAVSDDGGEIGRAQWLQALAARVPSSVHMNPVLLKPQSDVGSQIVVQGKVAGQARGREYQALKPKLLGAVMESFEQISAGADLVVVEGAGSPAEINLRPGDIANMGFATRANVPVVLVGDIDRGGVIASLVGTHAILPEEDRRMVTGYLINKFRGDVTLFDDGIAAVNRYTGWPCFGVVPWLKAAARLPAEDSVVLEKLTRGEGRALKVAVPVLSRIAN,1
56,TRGRVKIKMEFIDNKLRRYTTFSKRKTGIMKKAYELSTLTGTQVLLLVASETGHVYTFATRKLQPMITSETGKALIQTCLNSPD,-1
57,AVSGFLTGEQGLGHFVRCVPDSDKALAFYTDVLGFQLSDVIDMKMGPDVTVPAYFLHCNERHHTLAIAAFPLPKRIHHFMLEVASLDDVGFAFDRVDADGLITSTLGRHTNDHMVSFYASTPSGVEVEYGWSARTVDRSWVVVRHDSPSMWGHKSV,-1
58,STKVASGEAGGITQHIGAYHVETENGMITFLDTPGHAAFTSMRARGAQATDIVVLVVAADDGVMPQTIEAIQHAKAAQVPVVVAVNKIDKPEADPDRVKNELSQYGILPEEWGGESQFVHVSAKAGTGIDELLDAILLQAEVLELKAVRKGMA,1
59,AKIGLFYGTQTGVTQTIAESIQQEFGGESIVDLNDIANADASDLNAYDYLIIGCPTWNVGELQSDWEGIYDDLDSVNFQGKKVAYFGAGDQVGYSDNFQDAMGILEEKISSLGSQTVGYWPIEGYDFNESKAVRNNQFVGLAIDEDNQPDLTKNRIKTWVSQLKSEFGL,-1
60,MGLLSILRKLKSAPDQEVRILLLGLDNAGKTTLLKQLASEDISHITPTQGFNIKSVQSQGFKLNVWDIGGQRKIRPYWRSYFENTDILIYVIDSADRKRFEETGQELTELLEEEKLSCVPVLVFANKQDLLTAAPAAEIAEGLNLHTIRDRVWQIQSCSALTGEGVQDGMNWVCKNVNAKKK,1
61,DPLLPGYSFNAHLVAGLTPIEANGYLDFFIDRPLGMKGYILNLTIRGQGVVKNQGREFVCRPGDILLFPPGEIHHYGRHPEAREWYHQWVYFRPRAYWHEWLNWPSIFANTGFFRPDEAHQPHFSDLFGQIINAGQGEGRYSELLAINLLEQLLLRRMEAI,-1
62,MQSTVHIVGDNTGWSVPSSPNFYSQWAAGKTFRVGDSLQFNFPANAHNVHEMETKQSFDACNFVNSDNDVERTSPVIERLDELGMHYFVCTVGTHCSNGQKLSINVVAAN,-1
63,QPQKCQREFQQEQHLRACQQWIRQQLAGSPFXQSGPQQGPWLREQCCNELYQEDQVCVCPTLKQAAKSVRVQGQHGPFQSTRIYQIAKNLPNVCNMKQIGTCPFIAI,-1
64,LDAPSQIEVKDVTDTTALITWFKPLAEIDGIELTYGIKDVPGDRTTIDLTEDENQYSIGNLKPDTEYEVSLISRRGDMSSNPAKETFTT,-1
65,LCLVCSDEASGCHYGVLTCGSCKVFFKRAVEGQHNYLCAGRNDCIIDKIRRKNCPACRYRKCLQAGMNLEAR,-1
66,AGDAEAGQGKVAVCGACHGVDGNSPAPNFPKLAGQGERYLLKQLQDIKAGSTPGAPEGVGRKVLEMTGMLDPLSDQDLEDIAAYFSSQKGSV,-1
67,RICPRIWMECTRDSDCMAKCICVAGHCG,-1
68,MRKRGRQTYTRYQTLELEKEFHFNRYLTRRRRIEIAHALSLTERQIKIWFQNRRMKWKKENKTKGEPG,-1
69,NGGDKPTGELAAAIADAFGSFDKFRAQFHAAATTVQGSGWAALGWDTLGNKLLIFQVYDHQTNFPLGIVPLLLLDMWEHAFYLQYKNVKVDFAKAFWNVVNWADVQSRYAAATS,-1
70,GVYHREARSGKYKLTYAEAKAVCEFEGGHLATYKQLEAARKIGFHVCAAGWMAKGRVGYPIVKPGPNCGFGKTGIIDYGIRLNRSERWDAYCYNPHAK,-1
71,ANFQYIITEKKGKNSSVGLIQLNRPKALNALCNGLIEELNQALETFEEDPAVGAIVLTGGEKAFAAGADIKEMQNRTFQDCYSGKFLSHWDHITRIKKPVIAAVNGYALGGGCELAMMCDIIYAGEKAQFGQPEILLGTIPGAGGTQRLTRAVGKSLAMEMVLTGDRISAQDAKQAGLVSKIFPVETLVEEAIQCAEKIANNSKIIVAMAKESVNAAFEMTLTEGNKLEKKLFYSTFATDDRREGMSAFVEKRKANFKDH,-1
72,SEYCSHMIGSGHLQSLQRLIDSQMETSCQITFEFVDQEQLKDPVCYLKKAFLLVQDIMEDTMRFRDNTPNAIAIVQLQELSLRLKSCFTKDYEEHDKACVRTFYETPLQLLEKVKNVFNETKNLLDKDWNIFSKNCNNSFAECSSQGH,-1
73,ENIHKHRILILDFGSQYTQLVARRVRELGVYCELWAWDVTEAQIRDFNPSGIILSGGPESTTEENSPRAPQYVFEAGVPVFGVCYGMQTMAMQLGGHVEASNEREFGYAQVEVVNDSALVRGIEDALTADGKPLLDVWMSHGDKVTAIPSDFITVASTESCPFAIMANEEKRFYGVQFHPEVTHTRQGMRMLERFVRDICQCEAL,-1
74,MEDYKYLFKVVLVPNAGVGKTCLVRKFTQGIFPPGQSATIGVDFMIKTVKVGN,1
75,LLRCRLPGGVITTKQWQAIDKFAGENTIYGSIRLTNRQTFQFHGILPVHQMLHSVGLDAL,-1
76,KTAQKRLLKELQQLIKDSPPGIVAGPKSENNIFIWDCLIQGPPDTPYADGVFNAKLEFPKDYPLSPPKLTFTPSILHPNIYPNGEVCISILHSPGDDPNMYELAEERWSPVQSVEKILLSVMSMLSEPNIESGANIDACILWRDNRPEFERQVKLSILKSLGF,-1
77,MPTLLRVYIDGPHGMGKTTTTQLLVALGSRDDIVYVPEPMTYWRVLGASETIANIYTTQHRLDQGEISAGDAAVVMTSAQITMGMPYAVTDAVLAPHIGGEAGSPPPALTLIFDRHPIAALLCYPAARYLMGSMTPQAVLAFVALIPPTLPGTNIVLGALPEDRHIDRLAKRQRPGERLDLAMLAAIRRVYGLLANTVRYLQCGGSWREDWGQLSGPRPHIGDTLFTLFRAPELLAPNGDLYNVFAWALDVLAKRLRSMHVFILDYDQSPAGCRDALLQLTSGMVQTHVTTPGSIPTICDLARTFAREMGEAN,1
78,GLSAAQRQVIAATWKDIAGADNGAGVGKKCLIKFLSAHPQMAAVFGFSGASDPGVAALGAKVLAQIGVAVSHLGDEGKMVAQMKAVGVRHKGYGNKHIKAQYFEPLGASLLSAMEHRIGGKMNAAAKDAWAAAYADISGALISGLQS,-1
79,TKPYRGHRFTKENVRILESWFAKNIENPYLDTKGLENLMKNTSLSRIQIKNWVSNRRRKEKTITIAPELADLLSGEPL,-1
80,MGKDYYQTLGLARGASDEEIKRAYRRQALRYHPDKNKEPGAEEKFKEIAEAYDVLSDPRKREIFDRYGEEGLKGSGC,-1
81,PQITLWQRPLVTIKIGGQLKEALLDTGADDTVLEEMSLPGRWKPKMIGGIGGFIKVRQYDQILIEICGHKAIGTVLVGPTPVNIIGRNLLTQIGCTLNF,-1
82,NLYQFKNMIQCTVPSRSWWDFADYGCYCGRGGSGTPVDDLDRCCQVHDNCYNEAEKISGCWPYFKTYSYECSQGTLTCKGGNNACAAAVCDCDRLAAICFAGAPYNDNDYNINLKARC,-1
83,GASARLLRAAIMGAPGSGKGTVSSRITKHFELKHLSSGDLLRDNMLRGTEIGVLAKTFIDQGKLIPDDVMTRLVLHELKNLTQYNWLLDGFPRTLPQAEALDRAYQIDTVINLNVPFEVIKQRLTARWIHPGSGRVYNIEFNPPKTMGIDDLTGEPLVQREDDRPETVVKRLKAYEAQTEPVLEYYRKKGVLETFSGTETNKIWPHVYAFLQTKLPQRSQETSVTP,1
84,QDTLTRETEHLKAYLKANTSDVANGGPLFLNILRNWKEESDNKIIQSQIVSFYFKLFDNLKDHEVIKKSMESIKEDIFVKFFNSNLTKMDDFQNLTRISVDDRLVQRKAVSELSNVLNF,-1
85,SRIIMLIPTGTSVGLTSVSLGVIRAMERKGVRLSVFKPIAQPRTGGDAPDQTTTIVRANSSTTTAAEPLKMSYVEGLLSSNQKDVLMEEIVANYHANTKDAEVVLVEGLVPTRKHQFAQSLNYEIAKTLNAEIVFVMSQGTDTPEQLKERIELTRNSFGGAKNTNITGVIVNKLNAPVDEQGRTRPDLSEIFDDSSKAKVNNVDPANVQESSPLPVLGAVPWSFDLIATRAIDMARH,1
86,ITYTDCTESGQNLCLCEGSNVCGKGNKCILGGNQCVTGEGTPKPESHNNGDFEEIPEEYLQ,-1
87,ADVVTYENKKGNVTFDHKAHAEKLGCDACHEGTPAKIAIDKKSAHKDACKTCHKSNNGPTKCGGCHIK,-1
88,DLREVEKSISNLEKSLTSLSEVVLQNRRGLDLLFLKEGGLCAALKEECAFYAD,-1
89,PAFIVNTNVPRASVPEGFLSELTQQLAQATGKPAQYIAVHVVPDQLTFSGTSDPCALCSLHSIGKIGGAQNRNYSKLLCGLLSDRLHISPDRVYINYYDANA,-1
90,MRKFCIYGKGGIGKSTNVGNMAAALAEDGKKVLVVGCDPKADSTRTLMHGKINTVLDTFRDKGPEYMKIEDIVYEGFNGVYCVESGGPEPGVGCAGRGVITAVDMLDRLGVYDQLKPDVVIYDILGDVVCGGFAMPLQKKLAEDVYIVTTCDPMAIYAANNICKGIKRYGNRGKIALGGIIYNGRSVVDEPEIIDKFVEGINSQVMGKVPMSNIITKAELRKQTTIEYAPDSEIANKFRELANSIYENKKTTIPTPLSEQGLDELTESIEELVRRK,1
91,IVPTRELENVFLGRCKDYEITRYLDILPRVRSDCSALWKDFFKAFSFKNPCDLDLGSYKDFFTSAQQQLPKNKVMFWSGVYDEAHDYANTGRKYITLEDTLPGYMLNSLVWCGQRANPGFNEKVCPDFKTCPVQARESFWGMASSSYAHSAEGEVTYMVDGSNPKVPAYRPDSFFGKYELPNLTNKVTRVKVIVLHRLGEKIIEKCGAGSLLDLEKLVKAKHFAFDCVENPRAVLFLLCSDNPNARECRL,-1
92,MDLVKNHLMYAVREEVEILKEQIRELVEKNSQLERENTLLKTLASPEQLEKFQSRLSPEEPAPETPEAPEAPGGSAV,-1
93,GQRWELALGRFWDYLRWVQTLSEQVQEELLSSQVTQELRALMDETMKELKAYKSELEEQLTPVAEETRARLSKELQAAQARLGADMEDVCGRLVQYRGEVQAMLGQSTEELRVRLASHLRKLRKRLLRDADDLQKRLAVYQAGA,-1
94,LKPKILTASRKIKIKAGFTHNLEVDFIGAPDPTATWTVGDSGAALAPELLVDAKSSTTSIFFPSAKRADSGNYKLKVKNELGEDEAIFEVIVQ,-1
95,EPEPWFFKNLSRKDAERQLLAPGNTHGSFLIRESESTAGSFSLSVRDFDQNQGEVVKHYKIRNLDNGGFYISPRITFPGLHELVRHYTNASDGLCTRLSRPCQT,-1
96,AKHLFTSESVSEGHPDKIADQISDAVLDAILEQDPKARVACETYVKTGMVLVGGEITTSAWVDIEEITRNTVREIGYVHSDMGFDANSCAVLSAIGKQSPD,-1
97,MIGRLRGIIIEKQPPLVLIEVGGVGYEVHMPMTCFYELPEAGQEAIVFTHFVVREDAQLLYGFN,-1
98,MVVTGTDTGVGKTVACAALACHARQAGIEVAVCKPVQTGTQIGDDDLAEVARLSGVTELTGLVRYPQPLAPAAAAEHAGMALPTREQLLELIAGLDRPGRLILVEGAGGLLVELADASATLRDLAVELGALALVTVSVELGTLNHTALTLEALTTRGVACAGLVIGSWTGRPGAVQISNRSALARLAPMRATLPAGAGSMDATDFAAMSAAAFDRDWVT,1
99,MQTVIFGRSGCPYCVRAKDLAEKLSNERDDFQYQYVDIRAEGITKEDLQQKAGKPVETVPQIFVDQQHIGGYTDFAAWVKENLDA,-1
100,MIKLGIVMDPIANINIKKDSSFAMLLEAQRRGYELHYMEMGDLYLINGEARAHTRTLNVKQNYEEWFSFVGEQDLPLADLDVILMRKDPPFDTEFIYATYILERAEEKGTLIVNKPQSLRDC,-1
101,EDPEVLFKNKGCVACHAIDTKMVGPAYKDVAAKFAGQAGAEAELAQRIKNGSQGVWGPIPMPPNAVSDDEAQTLAKWVLSQK,-1
102,YSNIPTVVFSHPPIGTVGLTEPQAREQYGDDQVKVYKSSFTAMYTAVTTHRQPCRMKLVCVGSEEKIVGIHGIGFGMDEMLQGFAVALKMGATKKDFDNTVAIHPTAAEEFVTMR,-1
103,SHRLRLYEREDYRGQMIEITEDCSSLQDRFHFNEIHSLNVLEGSWVLYELPNYRGRQYLLRPGEYRRYHDWGAMNAKVGSLRRVIDIY,-1
104,ADPEKSYAEGPGLDGGECFQPSKFKIHAVDPDGVHRTDGGDGFVVTIEGPAPVDPVMVDNGDGTYDVEFEPKEAGDYVINLTLDGDNVNGFPKTVTVKPA,-1
105,MFLFDWFYGILASLGLWQKEAKILFLGLDNAGKTTLLHMLKDERLVQHQPTQHPTSEELSIGKIKFKAFDLGGHQIARRVWKDYYAKVDAVVYLVDAYDKERFSESKKELDALLSDDALATVPFLILGNKIDNPYAASEDELRYHLGLTNFTTGKGKVTTAGGDSGVRPLEVFMCSIVRKMGYGEGFKWLSQYIN,1
106,TKEQRILRYVQQNAKPGDPQSVLEAIDTYCTQKEWAMNVGDAKGQIMDAVIREYSPSLVLELGAYCGYSAVRMARLLQPGARLLTMEMNPDYAAITQQMLNFAGLQDKVTILNGASQDLIPQLKKKYDVDTLDMVFLDHWKDRYLPDTLLLEKCGLLRKGTVLLADNVIVPGTPDFLAYVRGSSSFECTHYSSYLEYMKVVDGLEKAIYQGPS,-1
107,MDHYVPRDNIVQHAELRRMTVMEYAPESNQAMEYRILAQKIIDNKNLAIPTPIEMEELEELLIEFGILESDEWTAMLVGKTATE,1
108,AMIKKMCPSDSELSIPAKNCYRMVILGSSKVGKTAIVSRFLTGRFEDAYTPTIEDFHRKFYSIRGEVYQLDILDTSGNHPFPAMRRLSILTGDVFILVFSLDNRDSFEEVQRLKQQILDTKSCLKNKTKENVDVPLVICGNKGDRDFYREVEQREIEQLVGDDPQRCAYFEISAKKNSSLDQMFRALFAMAKLPSEMSPDLHRKVSVQYCDVLH,1
109,ASYQVRLINKKQDIDTTIEIDEETTILDGAEENGIELPFSCHSGSCSSCVGKVVEGEVDQSDQIFLDDEQMGKGFALLCVTYPRSNCTIKTHQEPYLA,-1
110,SLSDKDKAAVRALWSKIGKSADAIGNDALSRMIVVYPQTKTYFSHWPDVTPGSPHIKAHGKKVMGGIALAVSKIDDLKTGLMELSEQHAYKLRVDPANFKILNHCILVVISTMFPKEFTPEAHVSLDKFLSGVALALAERYR,-1
111,IRIPVGPETLGRIMNVIGEPIDERGPIKTKQFAAIHAEAPEFVEMSVEQEILVTGIKVVDLLAPYAKGGKIGLFGGAGVGKTVLIMELINNVAKAHGGYSVFAGVGERTREGNDLYHEMIESGVINLKDATSKVALVYGQMNEPPGARARVALTGLTVAEYFRDQEGQDVLLFIDNIFRFTQAGSEVSALLGRIPSAVGYQPTLATDMGTMQERITTTKKGSITSVQAIYVPADDLTDPAPATTFAHLDATTVLSRAIAELGIYPAVDPLDSTSRI,1
112,EPTAEMLTNNCAGCHGTHGNSVGPASPSIAQMDPMVFVEVMEGFKSGEIASTIMGRIAKGYSTADFEKMAGYFKQQTYQP,-1
113,LDSIREAVINSQEWTLSRSIPELRLGVLGDARSGKSSLIHRFLTGSYQVLEKTESEQYKKEMLVDGQTHLVLIREEAGAPDAKFSGWADAVIFVFSLEDENSFQAVSRLHGQLSSLRGEGRGGLALALVGTQDRISASSPRVVGDARARALCADMKRCSYYETCATYGLNVDRVFQEVAQKVVTLRKQQQLLAACKSLPSSPSHSAA,1
114,KATCDISECPEGMMCSRLTNKCDCKIDINCRKTCPNGLKRDKLGCEYCECRP,-1
115,DRPYSCDHPGCDKAFVRNHDLIRHKKSHQEKA,-1
116,GRDAYIADSENCTYFCGSNPYCNDVCTENGAKSGYCQWAGRYGNACYCIDLPASERIKEGGRCG,-1
117,SAEHVLTMLNEHEVKFVDLRFTDTKGKEQHVTIPAHQVNAEFFEEGKMFDGSSIGGWDMVLMPDASTAVIDPFFADSTLIIRCDILEPGTLQGY,-1
118,VVIGQRCYRSPDCYSACKKLVGKATGKCTNGRCDC,-1
119,SITDILSAEDIAAALQECQDPDTFEPQKFFQTSGLSKMSASQVKDIFRFIDNDQSGYLDGDELKYFLQKFQSDARELTESETKSLMDAADNDGDGKIGADEFQEMVHS,-1
120,SGGGGVDVGDVVSAIQGAAGPIAAIGGAVLTVMVGIKVYKWVRRAM,-1
121,MKTQVAIIGAGPSGLLLGQLLHKAGIDNVILERQTPDYVLGRIRAGVLEQGMVDLLREAGVDRRMARDGLVHEGVEIAFAGQRRRIDLKRLSGGKTVTVYGQTEVTRDLMEAREACGATTVYQAAEVRLHDLQGERPYVTFERDGERLRLDCDYIAGCDGFHGISRQSIPAERXMQHGRLFLAGDAAHIVPPTGAKGLNLAASDVSTLYRLLLKAYREGRGELLERYSAICLRRIWKAERFSWWMTSVLHRFPDTDAFSQRIQQTELEYYLGSEAGLATIAENYVGLPYE,-1
122,LRCQCIKTYSKPFHPKFIKELRVIESGPHCANTEIIVKLSDGRELCLDPKENWVQRVVEKFLKRAENS,-1
123,AKGEFIRTKPHVNVGTIGHVDHGKTTLTAALTFVTAAENPNVEVKDYGDIDKAPEERARGITINTAHVEYETAKRHYSHVDCPGHADYIKNMITGAAQMDGAILVVSAADGPMPQTREHILLARQVGVPYIVVFMNKVDMVDDPELLDLVEMEVRDLLNQYEFPGDEVPVIRGSALLALEEMHKNPKTKRGENEWVDKIWELLDAIDEYIPT,1
124,VDVPVGEELLGRVVDALGNAIDGKGPIGSKARRRVGLKAPGIIPRISVREPMQTGIKAVDSLVPIGRGQRELIIGDRQTGKTSIAIDTIINQKRFNDGTDEKKKLYCIYVAIGQKRSTVAQLVKRLTDADAMKYTIVVSATASDAAPLQYLAPYSGCSMGEYFRDNGKHALIIYDDLSKQAVAYRQMSLLLRRPPGREAYPGDVFYLHSRLLERAAKMNDAFGGGSLTALPVIETQAGDVSAYIPTNVISITDGQIFLETELFYKGIRPAINVGLSVSRVGSAAQ,1
125,RICYSHKASLPRATKTCVENTCYKMFIRTHREYISERGCGCPTAMWPYQTECCKGDRCNK,-1
126,SITKVFARTIFDSRGNPTVEVDLYTSKGLFRAAVPSGASTGVHEALEMRDGDKSKYHGKSVFNAVKNVNDVIVPEIIKSGLKVTQQKECDEFMCKLDGTENKSSLGANAILGVSLAICKAGAAELGIPLYRHIANLANY,-1
127,PLGEPEGSLGWAMPNAAMKKKVLLMGKSGSGKTSMRSIIFANYIARDTRRLGATILDRIHSLQINSSLSTYSLVDSVGNTKTFDVEHSHVRFLGNLVLNLWDCGGQDTFMENYFTSQRDNIFRNVEVLIYVFDVESRELEKDMHYYQSCLEAILQNSPEAKIFCLVHKMDLVQEDQRDLIFKEREEDLRRLSRPLECSCFRTSIWDETLYKAWS,1
128,MALKHSEASGTASTKIVIAGGFGSGKTTFVGAVSEIMPLRTEAMVTDASAGVDMLEATPDKRSTTVAMDFGRITLGEDLVLYLFGTPGQRRFWFMWDDLVRGAIGAIVLVDCRRLQDSFAAVDFFEHRNLPFLIAINEFDSAPRYPVSAVRD,1
129,AEAGGPGGNQKIGKYTYGSDYGPLIVNDRCEMDDGNVITVDMNSSTDDSKTTPFRFACPTNTYKQVNGAYSPLNDAHFFGGVVFKLYRDWFGTSPLTHKLYMKVHYGRSVENAYWDGTAMLFGDGATMFYPLVSLDVAAHEVSHGFTEQNSGL,-1
130,MNIQITFTDSVRQGTSAKGNPYTFQEGFLHLEDKPHPLQCQFFVESVIPAGSYQVPYRINVNNGRPELAFDFKAMKRA,-1
131,LAVRYALADCELGRCLVAESERGICAILLGDDDATLISELQQMFPAADNAPADLMFQQHVREVIASLNQRDTPLTLPLDIR,-1
132,RPYACPVESCDRRFSRSDELTRHIRIHTG,-1
133,MKKAKETKVVIFGDYDTGKTTTLEQLCDKITKVEYKGTTLALDYGNCIVNGEKIHLFATPGHERFKFMLEIISNGLDAAIIVVDNSRGVTLAEKEIMAELDEKNIPYVVFSNKQDLDDSELEIDSEVEVFPTVATEGSGLMEGLEVLLEKLN,1
134,KNNVVIVATGGTIAGAGASSTNSATYSAAKVPVDALIKAVPQVNDLANITGIQALQVASESITDKELLSLARQVNDLVKKPSVNGVVITHGTDTMEETAFFLNLVVHTDKPIVLVGSMRPSTALSADGPLNLYSAVALASSNEAKNKGVMVLMNDSIFAARDVTKGINIHTHAFVSQWGALGTLVEGKPYWFRSSVKKHTNNSEFNIEKIQGDALPGVQIVYGSDNMMPDAYQAFAKAGVKAIIHAGTGNGSMANYLVPEVRKLHDEQGLQIVRSSRVAQGFVLRNAEQPDDKYGWIAAHDLNPQKARLLMALALTKTNDAKEIQNMFWNY,-1
135,LPQRYIELVVVADHRVFMKYNSDLNTIRTRVHEIVNFINGFYRSLNIHVSLTDLEIWSNEDQINIQSASSDTLNAFAEWRETDLLNRKSHDNAQLLTAIELDEETLGLAPLGTMCDPKLSIGIVQDHSPINLLMGVTMAHELGHNLGMEHDGKDCLRGASLCIMRPGLTKGRSYEFSDDSMHYYERFLKQYKPQCILNKP,-1
136,NDFHRDTWAEXFSLHSRLVHVKKLQPGEKVSYGATYTAQTEEWIGTIPIGYADGWLRRLQHFHVLVDGQKAPIVGRICMDQCMIRLPGPLPVGTKVTLIGRQGDEVISIDDVARHLETINYEVPCTISYRVPRIFFRHKRIMEVRNAIGA,-1
137,QKRINQEIEKQLRRDKRDARRELKLLLLGTGESGKSTFIKQMRIIHGSGYSDEDKRGYIKLVFQNIFMAMQSMIKAMDMLKISYGQGEHSELADLVMSIDYETVTTFEDPYLNAIKTLWDDAGIQECYDRRREYQLTDSAKYYLKDLDRVAQPAYLPTEQDILRVRVPTTGIIEYPFDLEEIRFRMVDVGGQRSERRKWIHCFENVTSIIFLVALSEYDQILFESDNENRMEESKALFRTIITYPWFQNSSVILFLNKKDLLEEKIMYSHLVDYFPEYDGPQRDAITAREFILRMFV,1
138,YAPSALVLTVGKGVSATTAAPERAVTLTCAPGPSGTHPAAGSACADLAAVGGDLNALTRGEDVMCPMVYDPVLLTVDGVWQGKRVSYERVFSNECEMNAHGSSVFAF,-1
139,GIAVSDDCVQKFNELKLGHQHRYVTFKMNASNTEVVVEHVGGPNATYEDFKSQLPERDCRYAIFDYEFQVDGGQRNKITFILWAPDSAPIKSKMMYTSTKDSIKKKLVGIQVEVQATDAAEISEDAVSERAKK,-1
140,XQPQAVHTYCGRHLARTLADLCWEAGVDXGIVDECCLRPCSVDVLLSYC,-1
141,AKTTPPSVYPLAPGSAAQTNSMVTLGCLVKGYFPEPVTVTWNSGSLSSGVHTFPAVLQSDLYTLSSSVTVPSSPRPSETVTCNVAHPASSTKVDKKIVPRDC,-1
142,AAIVKLGGDDGSLAFVPNNITVGAGESIEFINNAGFPHNIVFDEDAVPAGVDADAISAEDYLNSKGQTVVRKLTTPGTYGVYCDPHSGAGMKMTITVQ,-1
143,MKPVTLYDVAEYAGVSYQTVSRVVNQASHVSAKTREKVEAAMAELNYIPNR,-1
144,MELPIAPIGRIIKDAGAERVSDDARITLAKILEEMGRDIASEAIKLARHAGRKTIKAEDIELAVRRFKK,-1
145,EQACDICRLKKLKCSKEKPKCAKCLKNNWECRYSPKTKRSP,-1
146,MKTEWPELVGKSVEEAKKVILQDKPEAQIIVLPVGTIVTMEYRIDRVRLFVDKLDNVAEVPRVG,-1
147,ELGISTGIRVMDRGGTRGTPPAIMIASTGSDSGKTFILTGLAGALRRRGLRVGVIKVGPDVRDIVPALYLIKEPMEEHSSIRIGRLGWMELRDVLESVRGRYDIILIEGVMSILTGLLNDITPYSGAEIALAAGIPLIMVAGCSKGGIESAVVDLDAHISVLEGLGLEVSCGILNRVYDMDIFERASGGRYLAIPRVEMSERGGTPEVEIKLEDFCLKAMETV,1
148,STTSCNISVALAKRGKKVLQIGCDPKHDSTFTLTGFLIPTIIDTLQEKDFHYEDIWPEDVIYKGYGGVDCVEAGGPPAGAGCGGYVVGETVKLLKELNAFDEYDVILFDVLG,1
149,KVFGRCELAAAMKRHGLDNYRGYSLGNWVCAAKFESNFNTQATNRNTDGSTDYGILQINSRWWCNDGRTPGSRNLCNIPCSALLSSDITASVNCAKKIVSDGNGMNAWVAWRNRCKGTDVQAWIRGCRL,-1
150,RRKKRTSIETNVRFALEKSFLANQKPTSEEILLIAEQLHMEKEVIRVWFCNRRQKEKRINP,-1
151,MRVKTFYYNPASFENVRAKWYPEVSHHCPNTPIILVGTKADLREDRDTVERLRESRLQPVSHTQGYVMAKEIKAVKYLECSALTQIGLKQVFDEAIRTGLTPPQTPQTRAKKSNCTVL,1
152,MSSSKRIAKELSDLERDPPTSCSAGPVGDDLYHWQASIMGPADSPYAGGVFFLSIHFPTDYPFKPPKISFTTKIYHPNINANGNICLDILKDQWSPALTLSKVLLSICSLLTDANPDDPLVPEIAHIYKTDRPKYEATAREWTKKYAV,-1
153,GRKRKIDRDAVLNMWQQGLGASHISKTMNIARSTVYKVINESN,-1
154,LPQSFLLKCLEQVRKIQGDGAALQEKLCATYKLCHPEELVLLGHSLGIPWAPLLAGCLSQLHSGLFLYQGLLQALEGISPELGPTLDTLQLDVADFATTIWQQMEELGMMPAFASAFQRRAGGVLVASHLQSFLEVSYRVLRHLA,-1
155,EKCSEHDERLKLYCKDDGTLSCVICRDSLKHASHNFLPI,-1
156,ITGTSTVGVGRGVLGDQKNINTTYSTYYYLQDNTRGDGIFTYDAKYRTTLPGSLWADADNQFFASYDAPAVDAHYYAGVTYDYYKNVHNRLSYDGNNAAIRSSVHYSQGYNNAFWNGSEMVYGDGDGQTFIPLSGGIDVVAHELTHAVTDYTAGL,-1
157,GYFCESCRKIIQKLEDMVGPQPNEDTVTQAASQVCDKLKILRGLCKKIMRSFLRRISWDILTGKKPQAICVDIKICKE,-1
158,EQEKFGGLRDGYYIQGQCAIIMFDVTARVTYKNVPNWHHDLARVCENIPIVLCGNKVDVKDRKVKAKTITFHRKKNLQYYDISAKSNYNFEKPFLWLARKLLGDPNLEFVAMPALAPPEVQMDPA,1
159,APAVPNKPVEVKGSQKTVMFPHAPHEKVECVTCHHLVDGKESYAKCGSSGCHDDLTAKKGEKSLYYVVHAKGELKHTSCLACHSKVVAEKPELKKDLTGCAKSKCHP,-1
160,MGKVIFISGIDTDVGKTIATGIYAKKLMEQGCSVITQKMIQTGCKNIADDLLVHRKIQGIDLTEEDLQGKTCPYVFEYPCSPHLAAKRESRKIEAKIIEKSTALLAEKYDYVLLEGAGGLMVPYCEEATTLDYIQLNNYPLILVTSGKLGSINHTLLSLEACRTRGISVLSVMYNGYPEYDLLLVKKPNAI,1
161,SQGVIGIFGDYAKAHDLAVGEVSKLVKKALSNEYPQLSFRYRDSIKKTEINEALKKIDPDLGGTLFVSNSSIKPDGGIVEVKDDYGEWRVVLVAEAKHQGKDIINIRNGLLVGKRGDQDLMAAGNAIERSHKNISEIANFMLSESHFPYVLFLEGSNFLTENISITRPDGRVVNLEYNSGILNRLDRLTAANYGMPINSNLCINKFVNHKDKSIMLQAASIYTQGDGREWDSKIMFEIMFDISTTSLRVLGRDLFEQLTSK,-1
162,AVTYYRLEEVAKRNTAEETWMVIHGRVYDITRFLSEHPGGEEVLLEQAGADATESFEDVGHSPDAREMLKQYYIGDVHPNDLKP,-1
163,DTRQARRNRRRRWRERQRAAAAR,-1
164,SPGHKTQPFLHDGYAVSWNTVEDSIIRTGFQGESGHDIKITAENTPLPIAGVLLPTIPGKLDVNKSKTHISVNGRKIRMRCRAIDGDVTFCRPKSPVYVGNGVHANLHVAFHRSSSEKIHSNEISSDSIGVLGYQKTVDHTKVNSKLSLFFEIKS,-1
165,MYHGALAQHLDIAQLVWYAQWLVIWTVVLLYLRRED,-1
166,SSSLKIASTQEARQYFDTDRVVVDAVGSDFTDVGAVIAMDYETDVIDAADATKFGIPVFAVTKDAQAISADELKKIFHIIDLENKFDATVNAREIETAVNNYEDSIL,-1
167,FPKDPEIHLSGPLEAGKPITVKCSVADVYPFDRLEIDLLKGDHLMKSQEFLEDADRKSLETKSLEVTFTPVIEDIGKVLVCRAKLHIDEMDSVPTVRQAVKELQVYISP,-1
168,GCEEAGCPEGSACNIITDRCTCSGVRCRVHCPHGFQRSRYGCEFCKCRLEPM,-1
169,DSMDLERERGITIKAQSVTLDYKASDGETYQLNFIDTPGHVDFSYEVSRSLAACEGALLVVDAGQGVEAQTLANCYTAMEMDLEVVPVLNKIDLPAADPERVAEEIEDIVGIDAHRRGALFSENR,1
170,THHTIDFIIMSEDGTIGIFDPNLRKNVPVGKLDGYYNKGSIVECGFADGTWKYIQGRSDKNQANDRLTYEKTLLNIEENITIDELLDLF,-1
171,PAFSPDQVSVIFVLGGPGAGKGTQCEKLVKDYSFVHLSAGDLLRAEQGRAGSQYGELIKNCIKEGQIVPQEITLALLRNAISDNVKANKHKFLIDGFPRKMDQAISFERDIVESKFILFFDCPEDIMLERLLERGKTSGRSDDNIESIKKRFNTFKETSMPVIEYFETKSKVVRVRCDRSVEDVYKDVQDAIRDSL,1
172,TIACPHKGCTKMFRDNSAMRKHLHTHGP,-1
173,ATYNGKCYKKDNICKYKAQSGKTAICKCYVKKCPRDGAKCEFDSYKGKCYC,-1
174,MIQNFRVYYRDSRDPVWKGPAKLLWKGEGAVVIQDNSDIKVVPRRKAKIIRD,-1
175,GNNGNIMVGRANHMWDATGSKQATIPTMGIDNWADPTAPIFAEIAPLPAGLETYVSLYLAITKNPERARFQFNSGTGKVDLTWAQSQNQKGIDMAKKVFDKINQKEGTIYRTDLFYYKTWGDDFTYHPLG,-1
176,SVSEIQLMHNLGKHLNSMERVEWLRKKLQDVHNFVAL,-1
177,DAEMAAFGEAAPYLRSEKERIEAQNPFDXMNPPYDIEDMAMMTHLHEPAVLYNLERYAAWMIYTYSGLFCVTVNPYWLPVYNPVVLAYRGKKRQEAPPHIFSISDNAYQFMLTDRENQSILITGESGAGKTVNTRVIQYFATIAASGEGTLEDQIISANPLLEAFGNATVRNDNSSRFGFIRIHFGATGKLASADIETYLLESRVTFQLPAERSYHIFYQIMSNPELIDMLLITTNPYDYHYVSEGEITVPSIDDQEELMATDSAIDILGFSADETAIYLTGAVMHYGNLKFQQREEQAEPDGTEVADAAYLMGLNSAELLKALCYPRVGVGNEAVTGETVSEVHNSVGALAAVYEMFLWMVIRINQQLDTKQPRQYFIGVLDIAGFEIFDFNSFEQLCINFTNELQQFFNHHMFVLEQEEYEGIEWEFIDFGMDLAACIELIEPMGIFSILEEECMFPKATDTSFNLYDEHLGKSNNFQKPKPAAEAHFSLVHYAGTVDYNISGWLENDPLNETVIGLYQSSVTLALLFATYQTVSALFRENLNLMANLRSTHPHFVRCIIPNETTPGAMEHELVLHQLRCNGVLEGIRICRKGFPSRVLYADFKQRYRVLNASAMDSKKASEKLLGG,1
178,APDQDEIQRLPGLAKQPSFRQYSGYLKSSGSKHLHYWFVESQKDPENSPVVLWLNGGPGCSSLDGLLTEHGPFLVQPDGVTLEYNPYSWNLIANVLYLESPAGVGFSYSDDKFYATNDTEVAQSNFEALQDFFRLFPEYKNNKLFLTGESYAGIYIPTLAVLVMQDPSMNLQGLAVGNGLSSYEQNDNSLVYFAYYHGLLGNRLWSSLQTHCCSQNKCNFYDNKDLECVTNLQEVARIVGNSGLNIYNLYAPCAGGVPSHFRYEKDTVVVQDLGNIFTRLPLKRMWHQALLRSGDKVRMDPPCTNTTAASTYLNNPYVRKALNIPEQLPQWDMCNFLVNLQYRRLYRSMNSQYLKLLSSQKYQILLYNGDVDMACNFMGDEWFVDSLNQKMEVQRRPWLVKYGDSGEQIAGFVKEFSHIAFLTIKGAGHMVPTDKPLAAFTMFSRFLNKQPY,-1
179,CAFLSHLKIVHKFYLHIDHSQDRYGVMTRVYYKDAHAAIIVLDSTRERTIEGALRWKTDLDQKVTLADGSPVPAILLANKCDIDNKLGDDKLYDLETNNGFVGSFRTSAKESVGIEEAFKFLANTTTGQFYCADLIQQCAKSAA,1
180,VSFKAGINLGGWISQYQVFSKEHFDTFITEKDIETIAEAGFDHVRLPFDYPIIESDDNVGEYKEDGLSYIDRCLEWCKKYNLGLVLDMHHAPGSTLFEDPNQQKRFVDIWRFLAKRYINEREHIAFELLNEVVEPDSTRWNKLMLECIKAIREIDSTMWLYIGGNNYNSPDELKNLADIDDDYIVYNFHFYNPFFFTHQKAHWSESAMAYNRTVKYPGQYEGIEEFVKNNPKYSFMMELNNLKLNKELLRKDLKPAIEFREKKKCKLYCGEFGVIAIADLESRIKWHEDYISLLEEYDIGGAVWNYKKMDFEIYNEDRKPVSQELVNILAR,-1
181,MATTPYNYSYIFKYIIIGDMGVGKSCLLHQFTEKKFMADCPHTIGVEFGTRIIEVSGQKIKLQIWDTAGQERFRAVTRSYYRGAAGALMVYDITRRSTYNHLSSWLTDARNLTNPNTVIILIGNKADLEAQRDVTYEEAKQFAEENGLLFLEASAKTGENVEDAFLEAAKKIYQNIQDGSLDLNAAESGVQHKPSAPQGGRLTSEPQPQREGCG,1
182,VEEKSIDLIQKWEEKSREFIGS,-1
183,DAVYLDNEKEREEYVLNDIGVIFYGEVNDIKTRSWSYGQFEDGILDTCLYVMDRAQMDLSGRGNPIKVSRVGSAMVNAKDDEGVLVGSWDNIYAYGVPPSAWTGSVDILLEYRSSENPVRYGQCWVFAGVFNTFLRCLGIPARIVTNYFSAHDNDANLQMDIFLEEDGNVNSKLTKDSVWNYHCWNEAWMTRPDLPVGFGGWQAVDSTPQENSDGMYRCGPASVQAIKHGHVCFQFDAPFVFAEVNSDLIYITAKKDGTHVVENVDATHIGKLIVTKQIGGDGMMDITDTYKFQEGQEEERLALETALMYGAKKPLNTEGVMKSR,-1
184,DSDIAFLIDGSGSIIPHDFRRMKEFVSTVMEQLKKSKTLFSLMQYSEEFRIHFTFKEFQNNPNPRSLVKPITQLLGRTHTATGIRKVVRELFNITNGARKNAFKILVVITDGEKFGDPLGYEDVIPEADREGVIRYVIGVGDAFRSEKSRQELNTIASKPPRDHVFQVNNFEALKTIQNQLREK,-1
185,ADDATSQAKAAFDSLTAQATEMSGYAWALVVLVVGATVGIKLFKKFVSRAS,-1
186,RPWFLEYCKSECHFYNGTQRVRLLVRYFYNLEENLRFDSDVGEFRAVTELGRPDAENWNSQPEFLEQKRAEVDTVCRHNYEIFDNFLVP,-1
187,MDTIAARALTVMRACATLQEARIVLEANVMEILGIAINRYNGLTLRGVTMRPTSLAQRNEMFFMCLDMMLSAAGINVGPISPDYTQHMATIGVLATPEIPFTTEAANEIARVTGETSTWGXKTLNQYPALTAEIFNVYSFRDHTWHGLRTAILNRTTLPNMLPPIFPPNDRDSILTLLLLSTLADVYTVLRPEFAIHGVNPMPGPLTRAIARAAYV,-1
188,QNIVGSCDVKFPIRLEGLAYSHAAFSSYEPELFPGLIYRMKVPKIVLLIFVSGKIVITGAKMRDETYKAFENIYPVLSEFRKI,-1
189,SNAEASRVYEIIVESVVNEVREDFENAGIDEQTLQDLKNIWQKKLT,-1
190,MADVVVGIQWGDEGKGKIVDRIAKDYDFVVRYQGGHNAGHTIVHKGVKHSLHLMPSGVLYPKCKNIISSAVVVSVKDLCEEISAFEDLENRLFVSDRAHVILPYHAKKDAFKEKSQNIGTTKKGIGPCYEDKMARSGIRMGDLLDDKILEEKLNAHFKAIEPFKKAYDLGENYEKDLMGYFKTYAPKICPFIKDTTSMLIEANQKGEKILLEGAQGTLLDIDLGTYPFVTSSNTTSASACVSTGLNPKAINEVIGITKAYSTRVGNGPFPSEDTTPMGDHLRTKGAEFGTTTKRPRRCGWLDLVALKYACALNGCTQLALMKLDVLDGIDAIKVCVAYERKGERLEIFPSDLKDCVPIYQTFKGWEKSVGVRKLDDLEPNVREYIRFIEKEVGVKIRLISTSPEREDTIFL,1
191,GAACLCKSDGPNTRGNSMSGTIWVFGCPSGWNNCEGRAIIGYCCKQ,-1
192,MSAPGSPDQAYDFLLKFLLVGDRDVGKSEILESLQDGTAESPYSHLGGIDYKTTTILLDGQRVKLKLWDTSGQGRFCTIFRSYSRGAQGVILVYDIANRWSFEGMDRWIKKIEEHAPGVPKILVGNRLHLAFKRQVPREQAQAYAERLGVTFFEVSPLCNFNIIESFTELARIVLLRHRLNWLGRPSKVLSLQDLCCR,1
193,GEFSVCDSVSVWVGDKTTATDIKGKEVTVLAEVNINNSVFRQYFFETKCRASNPVESGCRGIDSKHWNSYCTTTHTFVKALTTDEKQAAWRFIRIDTACVCVLSRKA,-1
194,SGIVQQQNNLLRAIEAQQHLLQLTVWGIKQLQARILXWMEWDREINNYTSLIHSLIEESQNQQEKNEQELL,-1
195,DLCEQSALQCNEQGCHNFCSPEDKPGCLGMVWNPELCP,-1
196,EPVKPEEGRDMANRIGAFGYMECSAKTKDGVREVFEMATRAALQARRGKKKSGCLVL,1
197,GPTGTGESKCPLMVKVLDAVRGSPAINVAVHVFRKAADDTWEPFASGKTSESGELHGLTTEEEFVEGIYKVEIDTKSYWKALGISPFHEHAEVVFTANDSGPRRYTIAALLSPYSYSTTAVVTNPKE,-1
198,IETKVSAAKITENYQFDSRIRLNSIGFIPNHSKKATIAANCSTFYVVKEDGTIVYTGTATSMFDNDTKETVYIADFSSVNEEGTYYLAVPGVGKSVNFKI,-1
199,NVKSLCQTLISKSSSAEKLIQQFRIVLYGEPNTGKSSLMNVLLGKERSIISEIPGTTRDYISEEIFLEGIPVRLVDTAGVRETTDHIEKLGIERSEKEF,1
200,MQDKEFKIAIIGPENAGKSSIMNALFGKYVSLVSEVGGTTKMPIKRYWGKLKIGRIKEEPEFVNLVFVDLGGLYTTTDKQSPIMTPKVLEKTFEEINDSDMIIHVIDGSVGLLRSFERLHHLLKFRYQKPIIVVINKCDLLNDSDKEHLKNYVERRIKNTPI,1
201,QLTPRERDILKLIAQGLPNKMIARRLDITESTVKVHVKHMLKKMKLKSRVEAAVWVHQERIF,-1
202,MIFPKQYPIINFTTAGATVQSYTNFIRAVRGRLTTGADVRHEIPVLPNRVGLPINQRFILVELSNHAELSVTLALDVTNAYVVGYRAGNSAYFFHPDNQEDAEAITHLFTDVQNRYTFAFGGNYDRLEQLAGNLRENIELGNGPLEEAISALYYYSTGGTQLPTLARSFIICIQMISEAARFQYIEGEMRTRIRYNRRSAPDPSVITLENSWGRLSTAIQESNQGAFASPIQLQRRNGSKFSVYDVSILIPIIALMVYRCAPPPSSQF,-1
203,QCDRSIEEQLHLFESIRPLFANKPVLIGLNKVDIRHRSDLPPEKAALLDQLEKEGIPIIETSTLTQEGVMGLRDRACDELLAQRVEAKIQAKKITNVEDCVLNR,1
204,ETVESCLAKPHTENSFTNVWKDDKTLDRYANYEGCLWNATGVVVCTGDETQCYGTWVPIGLAIPENAAAH,-1
205,GFPIPDPYCWDISFRTFYTIVDDEHKTLFNGILLLSQADNADHLNELRRCTGKHFLNEQQLMQASQYAGYAEHKKAHDDFIHKLDTWDGDVTYAKNWLVNHIKTIDFKYRGKI,-1
206,FPEVSLPLHGGRRLMHIHENRPGVLTALNKIFAEQGVNIAAQYLQTSAQMGYVVIDIEADEDVAEKALQAMKAIPGTIRARLLY,-1
207,LVGNKSDLRHLRAVPTDEARAFAEKNGLSFIETSALDSTNVEAAFQTILTEIYRIVSQKQMSDRRENDMSPSNNV,1
208,VEWTDKERSIISDIFSHMDYDDIGPKALSRCLIVYPWTQRHFSGFGNLYNAEAIIGNANVAAHGIKVLHGLDRGVKNMDNIAATYADLSTLHSEKLHVDPDNFKLLSDCITIVLAAKMGHAFTAETQGAFQKFLAVVVSALGKQYH,-1
209,EPAMIAECKTRTEVFEISRFLVWPPCVEVQRCSGCCNNRNVQCRPTQVQLRPVQVRKIEIVRKKPIFKKATVTLEDHLACKCETVAA,-1
210,MSSSLQSNRQSLNRKVAVMGYPHVGKSALVLRFTQNIFPERYESTIEDQHSKHIAAFHRDYHLRVTDTAGQQEYTVFPRSCSLDINGFILVYAIDDRKSFEMCSNIYEKIVRTYGDTSIPIVIVGNKTDLSTQRVVRAEEGEELARQWDAKFVEITARESNRVHEVFELLLREIEISRGNLSPTERPNGNSPKRNPFKDD,1
211,KQVGNKFFLTNGEIMTFEKVKALCVKFQASVATPRNAAENGAIQNLIKEEAFLGITDEKTEGQFVDLTGNRLTYTNWNEGEPNNAGSDEDCVLLLKNGQWNDVPCSTSHLAVCEFPI,-1
212,HDANIRVAIAGAGGRMGRQLIQAALALEGVQLGAALEREGSSLLGSDAGELAGAGKTGVTVQSSLDAVKDDFDVFIDFTRPEGTLNHLAFCRQHGKGMVIGTTGFDEAGKQAIRDAAADIAIVFAANFSXMTFANGAVRSALWLSGKESGLFDMRDVLDLNNL,-1
213,NPLLALREKISALDEKLLALLAERRELAVEVGKAKLLSHRPVRDIDRERDLLERLITLGKAHHLDAHYITRLFQLIIEDSVLTQQALLQQH,-1
214,QPVGINTSTTCCYRFINKKIPKQRLESYRRTTSSHCPREAVIFKTKLDKEICADPTQKWVQDFMKHLDKKTQTPKL,-1
215,KPCGKDAGGRVCTNNYCCSKWGSCGIGPGYCGAGCQSGGCDG,-1
216,LRIPCCPVNLKRLLVVVVVVVLVVVVIVGALLMGL,-1
217,MSVKTLAAPTKKYKIVLVGDSGVDNSSLVQRLAKNEWCDNQNSTVGASFLRYVCTVGIQL,1
218,ISQITFRVPIPKSMGGGEQQFQMYDVGGQRDQRNKWIQVFEGIQAVLFLISCSEFDQNLREDPSQNRLQEALKLFRAVWQNRFLASAGLIVFLNKYDIMERKIRAGKHIVDYFPEYEDFCKRPQQDNCFGESDWTKMFIKQKL,1
219,NLAFALSELDRITAQLKLPRHVEEEAARLYREAVRKGLIRGRSIESVMAACVYAACRLLKVPRTLDEIADIARVDKKEIGRSYRFIARNLNLTPKKLF,-1
220,TDDAEQEAVARLVALGYKPQEASRMVSKIARPDASSETLIREALRAAL,-1
221,MPFLFVSGTGTGVGKTFSTAVLVRYLADQGHDVLPVKLVQTGELPGEGDIFTIERLTGIAGEEFARFKDPLAPNLAARREGIEPIQFDQIISWLRGFDDPDRIIVVEGAGGLLVRLGEDFTLADVASALNAPLVIWTSTGLGSLNAAELSVEAANRRGLTVLGVLGGSIPQNPDLATMLNLEEFERVTGVPFWGALPEGLSRVEGFVEKQSFPALDAFKKPPAR,1
222,DCYCRIPACIAGERRYGTCIYQGRLWAFCC,-1
223,QCVKKDELCIPYYLDCCEPLECKKVNWWDHKCIG,-1
224,MKLLPMDIPRVVIAGTSSKVGKTMISIGLMRLLVNRGYEVQPYKVGPDFIDPGFHHLATGRYSRNLDSFMLSRSAILETFIRNFRGADVAIIEGKTGLYDSSDAVSEKGSVAEVSKILKAPVVLVANVERLNRTAAAIILGYKLFDPDVLLKGVILNRVGSERHAGKVRTAVEKLAGVRVLGVVPRKKVKMPYRHLGLVTAYEREDMDELLDNIAEIVEKH,1
225,YASLEEQNNDALSPAIRRLLAEHNLDASAIKGTGVGGRLTREDVEKHLAKA,-1
226,EDIIVVALYDYEAIHHEDLSFQKGDQMVVLEESGEWWKARSLATRKEGYIPSNYVARVDSLET,-1
227,ADWVTGKVTKVQNWTDALFSLTVHAPVLPFTAGQFTKLGLEIRVQRAYSYVNSPDNPDLEFYLVTVPDGKLSPRLAALKPGDEVQVVSEAAGFFVL,-1
228,ESQMLVALPADYIPEASRRCKIIVVGAKNAGKSTFIERVEFGKFHEEKQTEKLYRVIAKKVFEQTLTVELIEKDLGGLTNEDNGFKKTEMRDVDAVLLFYAADDLESFKQLKENLVHVQRKIPPNANITVVGTKADVKEMQVQWQEVDSFAENQGFSCFETSSKTGVNVEIILHDILETIFERRFASDDDEVLSNQPVYASTV,1
229,PVRDVDKPFLMPVEDVFTITGRGTVATGRIERGKVKVGDEVEIVGLAPETRKTVVTGVEMHRKTLQEGIAGDNVGLLLRGVSREEVERGQVLAKPGSITP,-1
230,GIVIPPQEQITQHGSPYGRCANKTRALTVAELRGSGDLQEYLRHVTRGWSIFALYDGTYLGGEYGGVIKDGTPGGAFDLKTTFC,-1
231,YSEEECKQYKAVVYSNTIQSIIAIIRAMGRLKIDFGDAARADDARQLFVLAGAAEEGFMTAELAGVIKRLWKDSGVQACFNRSREYQLNDSAAYYLNDLDRIAQPNYIPTQQDVLRTRVKT,-1
232,DCYHGDGQSYRGTSSTTTTGKKCQSWSSMTPHRHQKTPENYPNAGLTMNYCRNPDADKGPWCFTTDPSVRWEYCNLKKC,-1
233,GSPTFKCAVKALFDYKAQREDELTFIKSAIIQNVEKQEGGWWRGDYGGKKQLWFPSNYVEEMVNPEGIHRD,-1
234,AHKQIYYSDKYFDEHYEYRHVMLPRELSKQVPKTHLMSEEEWRRLGVQQSLGWVHYMIHEPEPHILLFRRPLPK,-1
235,EVQLQQSGAELVRPGASVKLSCTTSGFNIKDIYIHWVKQRPEQGLEWIGRLDPANGYTKYDPKFQGKATITVDTSSNTAYLHLSSLTSEDTAVYYCDGYYSYYDMDYWGPGTSVTVSSA,-1
236,VKLLLLGAGESGKSTIVKQMKIIHEAGYSEEECKQYKAVVYSNTIQSIIAIIRAMGRLKIDFGDAARADDARQLFVLAGAAEEGFMTAELAGVIKRLWKDSGVQACFNRSREYQLNDSAAYYLNDLDRIAQPNYIPTQQDVLRTRVKTTGIVETHFTFKDLHFKMFDVGGLRSERKKWIHCFEGVTAIIFCVALSDYDLVLAEDEEMNRMHESMKLFDSICNNKWFTDTSIILFLNKKDLFEEKIKKSPLTICYPEYAGSNTYEEAAAY,1
237,KSFVVSNQLREQQGELTSTWDLMLQTRINLSRSAVRMMMDSSNQQSNAKVELLDSARKTLAQAATHYKKFKSMAPLPEMVATSRNIDEKYKNYYTALTELIDYLDYGNTGAYFAQPTQGMQNAMGERFAQYALSSEKLYRDI,-1
238,GYSEEAAAKLPHAWKAGEQTAILRKQLEDMADGGTVVIAPPAAPFRCPPGPYERASQVAYYLKAHKPMSKVIILDSSQTFSKQSQFSKGWERLYGFGTENAMIEWHPGPDSAVVKVDGGEMMVETAFGDEFKADVINLIPP,-1
239,MAQKVGGSDGCPRCGQAVYAAEKVIGAGKSWHKSC,-1
240,GVDISPKQDEGVLKVIKREGTGTETPMIGDRVFVHYTGWLLDGTKFDSSLDRKDKFSFDLGKGEVIKAWDIAVATMKVGELCRITCKPEYAYGSAGSPPKIPPNATLVFEVELFEFKG,-1
241,MPSMIVVGGQWGDEGKGSIIAYLALHDEPEIIARGGVGTNAGHSVFINGKKYAVRQLPTGFMQRKARLLVGAGVLVDPEVFFHELEHLKDFNVKERVGIDYRCAIIEPKHKELDRSNGYLHGKIGTTGSGCGPANADRVMRKAKQAKDIKELEPYLTDVAAEVNDALDEGALVLVEGTQGFGLSLYYGTYPYVTSKDVCLFDSCGCGNRATRVDEVIVVFKSFPTRVGAGPFPTEMPMEEADRLGLVEYGTVTGRRRRVGWFDFEMARYSARVNGATMLAVTMLDKYDKEAFGVTDYDKLPRKAKEFIEEIEEKVGVPVGLIKTGPELEHIIDRRDTI,1
242,MANSPQCLLVGSLEPYSGKSGIILGLARLLQQQGMAIAYGKPIGTAMNKAAAALEEADIEFISQSLELAPAQVRKPLVFLDEKTITRRLQGQDQTNYAEALEASIQGLTADLVLLEGPGNLWEGSLFGLSFSELAAKINAAVLLVGRYHSPLVVDGLLKARQTLGDSLKGVVINDIPLEALPETKDLVKPFLESHGIAVLGLLAEDRLLRSV,1
243,MDELMFFRGMAPDPTSYDRVFKFLIFGGKSVGKKTLLRSFCTEGDNESIWTSLTVDDEKVLIEATVSQKWEEGMSKEHDAIALVFSTTDVYSFEYTLELYNEIQKSTERIPLVFIENKIDIVEDSQMDKGLVEGEMRKKHKRLYRVSALKEFNVMHPFAYLIEKLTRQKKDLNANERKQSSSVNSTSTS,1
244,SQIPGASLGITSDGFFQLEELPGRSVIVGAGYIAVEMAGILSALGSKTSLMIRHDKVLRSFDSMISTNCTEELENAGVEVLKFSQVKEVKKTLSGLEVSMVTAVPGRLPVMTMIPDVDCLLWAIG,-1
245,SEYASKVDEYVGEVENDLQKSKVAVS,-1
246,KLRITEAVCRGAVETAEKLDAPLIVVATQGGKSARAVRKYFPDATILALTTNEKTAHQLVLSKGVVPQLVKEITSTDDFYRLGKELALQSGLAHKGDVVVMVSGALVPSGTTNTASVHVL,-1
247,ATVGKVIKCKAAVAWEANKPLVIEEIEVDVPHANEIRIKIIATGVCHTDLYHLFEGKHKDGFPVVLGHEGAGIVESVGPGVTEFQPGEKVIPLFISQCGECRFCQSPKTNQCVKGWANESPDVMSPKETRFTCKGRKVLQFLGTSTFSQYTVVNQIAVAKIDPSAPLDTVCLLGCXKDGVPKMVKAYLDKKVKLDEFITHRMPLESVNDAIDLMKHGKCIRTVLSL,-1
248,FNKEQQNAFYEILHLPNLNEEQRNGFIQSLKDDPSQSANLLAE,-1
249,LKNLVLDIDYNDAVVVIHTSPGAAQLIARLLDSLGKAEGILGTIAGDDTIFTTPANGFTVKDLYEAILELF,-1
250,ERDPLSDLDVIETELREYGGLDNRPRIVVLNKIDVPDGKDLAEMVRPDLEARGYRVFEVSAVAHMGLRELSFALAELVATARAARPKEEATRIVIRPKAVDDAGFTV,1
251,VRTFRSDSIKPARSRRMGRAMRVVVVGGKKVGKTAILRQVACVEDVTNKPYEPTIEDTYQVLLEEPDKAREILILHDTAGVSNYGPIELKKAYVQAADAFVLVYSSADYESFNRVDLLKKWIDRQFGKDKKEVPIVVLANMRDRPATVDSAFAHSWAAREKVKLFEVTAKDRQSLVDFIHYVGHRHFHPTKESKFSLSKKLKSEKSSNP,1
252,INPNKLELEERVVAVNRVAKVVKGGRRLRFSALVVVGDKNGHVGFGTGKAQEVPEAIRKAIEDAKKNLIEVPIV,-1
253,AASERKALQTEMARIKKWLTFSLG,-1
254,TKPGSCPIILIRCAMLNPPNRCLKDTDCPGIKKCCEGSCGMACFVPQ,-1
255,SIDNCAVGCPTGGSSNVSIVRHAYTLNNNSTTKFANWVAYHITKDTPASGKTRNWKTDPALNPADTLAPADYTGANAALKVDRGHQAPLASLAGVSDWESLNYLSNITPQKSDLNQGAWARLEDQERKLIDRADISSVYTVTGPLYERDMGKLPGTQKAHTIPSAYWKVIFINNSPAVNHYAAFLFDQNTPKGADFCQFRVTVDEIEKRTGLIIWAGLPDDVQASLKSKPGVLPELMGCKN,-1
256,EVLITGLRTRAVNVPLAYPVHTAVGTVGTAPLVLIDLATSAGVVGHSYLFAYTPVALKSLKQLLDDMAAMIVNEPLAPVSLEAMLAKRFCLAGYTGLIRMAAAGIDMAAWDALGKVHETPLVKLLGANAR,-1
257,QLGLEQDFEQKQMPDGKLLVDGFLLGIDVSRGMNRNFDDQLKFVSNLYNQLAKTKKPIVIVLTKCDEGVERYIRDAHTFALSKKNLQVVETSARSNVNVDLAFTTLVQLIDKSRGKTKIIPYFEALKQQSQQIATA,1
258,LQCYNCPNPTADCKTAVNCSSDFDACLITKAGLQVYNKCWKFEHCNFNDVTTRLRENELTYYCCKKDLCNFNEQLEN,-1
259,GLSDGEWQLVLNVWGKVEADVAGHGQEVLIRLFKGHPETLEKFDKFKHLKSEDEMKASEDLKKVGNTHLTALGGILKKKGHHEAELTPLAQSHATKHKIPVKYLEFISEAIIQVLQSKHPGDFGADAQGAMSKALELFRNDMAAKYKELGFQG,-1
260,LQTTAKALEQVSQQSPYPMPSVKDISPGDLAEELRRNLVQPIVVGTGTKIKNSSAEEGKNLAPNQQVLILSDK,-1
261,GAPVPVDENDEGLQRALQFAMAEYNRASNDKYSSRVVRVISAKRQLVSGIKYILQVEIGRTTCPKSSGDLQSCEFHDEPEMAKYTTCTFVVYSIPWLNQIKLLESKCQ,-1
262,MNIIQGNLVGTGLKIGIVVGRFNDFITSKLLSGAEDALLRHGVDTNDIDVAWVPGAFEIPFAAKKMAETKKYDAIITLGTVIRGATTHYDYVCNEAAKGIAQAANTTGVPVIFGIVTTENIEQAIERAGTKAGNKGVDCAVSAIEMANLNRSFE,-1
263,VNKVLDWIRSLFWKEEMELTLVGLQNSGKTTFVNVIASGQFTEDMIPTVGFNMRKITKGNVTIKLWDIGGQPRFRSMWERYCRGVNAIVFMVDAADEEKLEASRNELMQLLDKPQLDAIPVLVLGNKKDLPGALDERQLIERMNLSSIQNREICCYSISCKEKENIDITLQWLIDHSKAQR,1
264,MTEYKLVVVGAKGVGKSALTIQLIQNHFVDEYDPTIEDSYRKQVVIDGETCLLDILDTAGQEEYSAMRDQYMRTGEGFLCVFAINNTKSFEDIHQYREQIKRVKDSDDVPMVLVGNKCDLAARTVESRQAQDLARSYGIPYIKTSAKTRQGVEDAFYTLVREIRQHKLRKLNPPDESGPGCMSCKCVLS,1
265,MSEDQGSGATRVKLVVVGDGAVGKTCLLICYAQNDFPVDYVPTVFENYTATRKRGNEDIKVHLWDTAGQEEYDRLRPLSYPGADVVLLCFSTISQSSYEAIRDKWAPEVNHYIPDVPSILVGTKIDLREQQHPDPNSGKFEPITADMGISMQKQIKAKKYLEVSAKTRQGLEEVFSAAIEIVLESRGMDKKSQDGSSSASGVPSGDKPTKG,1
266,MVDNKQDVVAEFKLVLVGDGGVGKTTFVTRHQTGEFEKRYIATQGVNVSNMILHTTKGAIRFNIWDTAGQEKLGGLREGYYIGADAAIMMFDVTSRITYKNIPKWHKDLTRICENVPIVLVGNKVDSKDSKVKARQITFHRKRSLQYYDVSAKSNYQYEKPFLWILRKLTGDPNLNLVEGIALAPVDIHMTED,1
267,MNPEYDYLFKLLLIGDSGVGKSCLLLRFGDDSYIESYISTIGVDFKIRTVEQDAKTIKLQIWDTAGQERFRTITSSYYRGAHGIIIVYDVTDEESFNNVKQWLSEIDRYASDNVNKLLVGNKCDLTANRAVSYDTAKEFADQIGIPFMETSAKDATNVEQAFMAMSASIKNRMASQPSANNGRPPTVQIRGQPVGQKSGCCSS,1
268,RRREFQLGESVKYFLDNLDKLGEPDYIPSQQDILLARRPTKGIHEYDFEIKNVPFKMLDVGGQRSERKRWFECFDSVTSILFLVSSSEFDQVLMEDRLTNRLTESLNIFETIVNNRVFSNVSIILFLNKTDLLEEKVQIVSIKDYFLEFEGDPH,1
269,QLDASIPVTFTKDNRVYIGPKMEIRVVTLGLDGAGKTTILFKLKQDEFMQPIPTIGFNVETVEYKNLKFTIWDVGEKHKLRPLWKHYYLNTQAVVFVVDSSHRDRISEAHSELAKLLTEKELRDALLLIFANKQDVAGALSVEEITELLSLHKLCCGRSWYIQGCDARSGMGLYEGLDWLSRQLVAAGVLDVA,1
270,MDPNQNVKCKIVVVGDSQCGKTALLHVFAKDCFPENYVPTVFENYTASFEIDTQRIELSLWDTSGSPYYDNVRPLSYPDSDAVLICFDISRPETLDSVLKKWKGEIQEFCPNTKMLLVGCKSDLRTDVSTLVELSNHRQTPVSYDQGANMAKQIGAATYIECSALQSENSVRDIFHVATLACVNKTNKNVKRNKSQ,1
271,MLSSIKCVLVGDSAVGKTSLLVRFTSETFPEAYKPTVYENTGVDVFMDGIQISLGLWDTAGNDAFRSIRPLSYQQADVVLMCYSVANHNSFLNLKNKWIGEIRSNLPCTPVLVVATQTDQREMGPHRASCVNAMEGKKLAQDVRAKGYLECSALSNRGVQQVFECAVRTAVNQARRRNRRRLFSINECKI,1
272,SLDSIEAVINSQEWTLSRSIPELRLGVLGDARSGKSSLIHRFLTGSYQVLEKTESEQYKKEMLVDGQTHLVLIREEAGAPDAKFSGWADAVIFVFSLEDENSFQAVSRLHGQLSSLRGEGRGGLALALVGTQDRISASSPRVVGDARARALCADMKRCSYYETCATYGLNVDRVFQEVAQKVVTLRKQQQLLAACKSLPSSPSHSAA,1
273,STRLMLHSKAQTSVLQLAAERGAVEDIELHEVMLTGFRDVRCVESGGPEPGVGCAGRGIITAINFLEENGAYTDVDFVSYDVLGDVVCGGFAMPIREGKAQEIYIVTS,1
274,MVDYLANKPKGQNSLALHKVIMVGSGGVGKSALTLQFMYDEFVEDYEPTKADSYRKKVVLDGEEVQIDILDTAGQEDYAAIRDNYFRSGEGFLCVFSITEMESFAATADFREQILRVKEDENVPFLLVGNKSDLEDKRQVSVEEAKNRAEQWNVNYVETSAKTRANVDKVFFDLMREIRARKMEDSKEKNGKKKRKSLAKRI,1
275,MATKKKVLLKVIILGDSGVGKTSLMNQYVNKKFSNQYKATIGADFLTKELMVDDRVVTMQIWDTAGQERFQSLGVAFYRGADCCVLCYDVNVAKTFENLDSWRDEFLIQAGPRDPDNFPFVVLGNKIDLENQRVVSQKRAASWCQSKGNIPYFETSAKEAINVEQAFQTIARNAIKLEDGLVFPIPTNIQVIPEPQPAKSGCC,1
276,GGGAGDPGLGAAAAPAPETREHLFKVLVIGELGVGKTSIIKRYVHQLFSQHYRATIGVDFALKVLNWDSRTLVRLQLWDIAGQERFGNMTRVYYKEAVGAFVVFDISRSSTFEAVLKWKSDLDSKVHLPNGSPIPAVLLANKCDQNKDSSQSPSQVDQFCKEHGFAGWFETSAKDNINIEEAARFLVEKILVNHQSFPNEENDVDKIKLDQETL,1
277,SRPIVISGPSGTGKSTLLKKLFAEYPDSFGFSVSSTTRTPRAGEVNGKDYNFVSVDEFKSMIKNNEFIEWAQFSGNYYGSTVASVKQVSKSGKTCILDIDMQGVKSVKAIPELNARFLFIAPPSVEDLKKRLEGRGTETEESINKRLSAAQAELAYAETGAHDKVIVNDDLDKAYKELKDFIFAEK,1
278,MSKRYFVTGTDTEVGKTVASCALLQAAKAAGYRTAGYKPVASGSEKTPEGLRNSDALALQRNSSLQLDYATVNPYTFAEPTSPHIISAQEGRPIESLVMSAGLRALEQQADWVLVEGAGGWFTPLSDTFTFADWVTQEQLPVILVVGVKLGCINHAMLTAQVIQHAGLTLAGWVANDVTPPGKRHAEYMTTLTRMIPAPLLGEIPWLAENPENAATGKYINLAFVDASTLGFTSRL,1
279,PKGVRAVLLGPPGAGKGTQAPKLAKNFCVCHLATGDMLRAMVASGSELGKKLKATMDAGKLVSDEMVLELIEKNLETPPCKNGFLLDGFPRTVRQAEMLDDLMEKRKEKLDSVIEFSIPDSLLIRRITGRLIHPQSGRSYHEEFNPPKEPMKDDITGEPLIRRSDDNKKALKIRLEAYHTQTTPLVEYYSKRGIHSAIDASQTPDVVFASILAAFSKATS,1
280,MPAIVLIGAQWGDEGKGKATDLLGGRVQWVVRYQGGNNAGHTVVLPTGENFALHLIPSGVLTPGVTNVIGNGVVIDPGVLLNELRGLQDRGVDTAKLLISADAHLLMPYHIAIDKVTERYMGSKKIGTTGRGIGPCYQDKIARIGIRVADVLDPEQLTHKVEAACEFKNQVLVKIYNRKALDPAQVVDALLEQAEGFKHRIADTRLLLNAALEAGETVLLEGSQGTLLDVDHGTYPYVTSSNPTAGGAAVGSGIGPTRIGTVLGILKAYTTRVGSGPFPTELFDEHGEYLSKTGREFGVTTGRRRRCGWFDAVIARYAARVNGITDYFLTKLDVLSSLESVPVCVGYEIDGRRTRDMPMTQRDLCRAKPVYEELPGWWEDISGAREFDDLPAKARDYVLRLEQLAGAPVSCIGVGPGREQTIVRRDVLQDRP,1
281,MSDDETLADVRIVLIGDEGCGKTSLVMSLLEDEWVDAVPRRLDRVLIPADVTPENVTTSIVDLSIKEEDENWIVSEIRQANVICVVYSVTDESTVDGIQTKWLPLIRQSFGEYHETPVILVGNKSDGTANNTDKILPIMEANTEVETCVECSARTMKNVSEIFYYAQKAVIYPTRPLYDADTKQLTDRARKALIRV,1
282,SRTIILIPVSTGVGLTSISLGLIHSLEQKGTKVAFMKPVSQPSTGEDKLDRTTSIIRTSTSLETAEPFMLSVAESLIGQNQSDVLLEKIVANHQQLTKNNDIVVVEGLIPTRKHGYANSINYEIAQALDAEIVLVAAPATETPTELKDRVEAAASLFGGKNNPNLLGVVVNKFNAPVDESGRTRPDLAEIFDSFQHNHISETEVNKLFAGSAIKLLACVPWNANLIATRAIDLVKH,1
283,MSNFSRAVDQKTLLVAGCDTGVGKTVTTSALAAYWWKCGKDQSFGLMKLMQTGLGDDELYQQLFGHLTRWDVVTPLKFATPLAPPLAADQEGKTIDLGVVWQTLQTMQQNHDHVLVEALGSLGSPVTHELTVADIAALWRLETILVVPVQLGAMGQAIAQVALARQTKVKLKGLVLSCASPEAEGKVEDWATPAMLESFTHLPVLGIVPYLTESERENLSRLAEITARFGLEKLAYF,1
284,MEEKLKKSKIIFVVGGPGSGKGTQCEKIVQKYGYTHLSTGDLLRAEVSSGSARGKMLSEIMEKGQLVPLETVLDMLRDAMVAKVDTSKGFLIDGYPREVKQGEEFERKIGQPTLLLYVDAGPETMTKRLLKRGETSGRVDDNEETIKKRLETYYKATEPVIAFYEKRGIVRKVNAEGSVDDVFSQVCTHLDTLK,1
285,DENKQKALAAALGQIEKQFGKGSIMRLGEDRSMDVETISTGSLSLDIALGAGGLPMGRIVEIYGPESSGKTTLTLQVIAAAQREGKTCAFIDAEHALDPIYARKLGVDIDNLLCSQPDTGEQALEICDALARSGAVDVIVVDSVAALTPKAEIEGLAARMMSQAMRKLAGNLKQSNTLLIFINQTGGNALKFYASVRLDIRRIGAVKEGENVVGSETRVKVVKNKIAAPFKQAEFQILYGEGI,1
286,QAAEIERRIEQEAKAEKHIRKLLLLGAGESGKSTIFKQIKLLFQTGFDEGELKSYVPVIHANVYQTIKLLHDGTKEFAQNETDSAKYMLSSESIAIGEKLSEIGGRLDYPRLTKDIAEGIETLWKDPAIQETCARGNELQVPDCTKYLMENLKRLSDINYIPTKEDVLYARVRTTGVVEIQFSPVGENKKSGEVYRLFDVGGQRNERRKWIHLFEGVTAVIFCAAISEYDQTLFEDEQKNRMMETKELFDWVLKQPCFEKTSFMLFLNKFDIFEKKVLDVPLNVCEWFRDYQPV,1
287,ATLKDQLIHNLLKEEHVPHNKITVVGVGAVGMACAISILMKELADEIALVDVMEDKLKGEMMDLQHGSLFLRTPKIVSGKDYNVTANSRLVVITAGARQQEGESRLNLVQRNVNIFKFIIPNIVKYSPNCKLLVVSNPVDILTYVAWKISGFPKNRVIG,-1
288,TILDTARFRFLLGEYFSVAPQNVHAYIIGEHGDTELPVWSQAYIGVMPIRKLVESKGEEAQKDLERIFVNVRDAAYQIIEKKGATYYGIAMGLARVTRAILHNENAILTVSAYLDGLYGERDVYIGVPAVINRNGIREVIEIELNDDEKNRFHHSAATLKSVLARAFT,-1
289,EKSKPNVVFVLGGPGSGKGTQCANIVRDFGWVHLSAGDLLRQEQQSGSKDGEMIATMIKNGEIVPSIVTVKLLKNAIDANQGKNFLVDGFPRNEENNNSWEENMKDFVDTKFVLFFDCPEEVMTQRLLKRGESSGRSDDNIESIKKRFNTFNVQTKLVIDHYNKFDKVKIIPANRDVNEVYNDVENLFKSMGF,1
290,AVARSRSIDHQLDEERERREKEVQILIIGGPGAGKSTFIKQLRLHYGDQFPPNERRLFHDQILQNVAMGLVHLIEHMERMGLQFETPEVQDLSREFRKKHPRISIVTLIKKFKEENEKAEEICPVTTRAELTKRLSSFDVYNPEVPNVDDMHTLWADPAMQICFEKRNKFETDKLTHSSEYFLLHIGRICSKEYLASVQDILLIRWPTLGVQEHKFMVDGLLYRMIDVAGQRSLRKKWIHFFDEVAAVAFFVNLTAYDEFTEEDPTVNSLQDSLQAFAEISHSQFLDKTDFILFLNKKDLFANKLKTSSIATCFPDYKGPNT,1
291,VAAMEAGGITQHIGAFLVSLPSGEKITFLDTPGHAAFSAMRARGTQVTDIVILVVAADDGVMKQTVESIQHAKDAHVPIVLAINKCDKAEADPEKVKKELLAYDVVCEDYGGDVQAVHV,1
292,SNVDMDFEVENAVLGKDFKLSITFRNNSHNRYTITAYLSANITFYTGVPKAEFKKETFDVTLEPLSFKKEAVLIQAGEYMGQLLEQASLHFFVTARINETRDVLAKQKSTVL,-1
293,RLSYGASLASIPRCFDLKSSKITVMGDDHSGKTSLVRSWLGSSFQISDANRYRVSDLYHKTIQFDTLVKYYRTFGVKGQLPNYAGFKAKNSGTIYESCGNFLEERLINANKSTAQRRTSIDVQVFDTNQMEVSYLSELTTLQIRQSDAIILCFDSTNDSSLASLESYICIIHHVRLECELDIPIIIACTKCDLDSERTITHEKVLTFIQELGFSPGNLDYFETSSKFNVNVEDLFLAVLLKIEKSKSDRRKLL,1
294,FRCAKCGKSLESTTLTEKEGEIYCKGCYAKN,-1
295,SSCPGKSSWPHLVGVGGSVAKAIIERQNPNVKAVILEEGTPVTKDFRCNRVRIWVNKRGLVVSPPRIG,-1
296,RDGSTERINLDKIHRVLDWAAEGLHNVSISQVELRSHIQFYDGIKTSDIHETIIKAAADLISRDAPDYQYLAARLAIFHLRKKAYGQFEPPALYDHVVKMVEMGKYDNHLLEDYTEEEFKQMDTFIDHDRDMTFSYAAVKQLEGKYLVQNRVTGEIYESAQFLYILVAACLFSNYPRETRLQYVKRFYDAVSTFKISLPTPIMSGVRTPTRQ,-1
297,AQNNPYLFRSNKFLTLFKNQHGSLRLLQRFNEDTEKLENLRDYRVLEYCSKPNTLLLPHHSDSDLLVLVLEGQAILVLVNPDGRDTYKLDQGDAIKIQAGTPFYLINPDNNQNLRILKFAITFRRPGTVEDFFLSSTKRLPSYLSAFSKNFLEASYDSPYDEIEQTLLQEEQEGVIVKMPK,-1
298,LDKLQVERERGITVKAQTAALRHRGYLLNLIDTPGHVDFSAEVSRSLAVCDGILLLVAANQGVQAQTIANFWLAFEKNIQIIPVINKIDLPGADIKSVETQLKNLFEFNPEECLHISAKSGLNVDKVLEAIIDRVPAPTAIIDAPFRSMIFDSYFDHF,1
299,EKPYKCPECGKSFSQSSNLQKHQRTHTGEKPYKCPECGKSFSQSSDLQKHQRTHTGEKPYKCPECGKSFSRSDHLSRHQRTHQ,-1
300,DVTGRIAQTLLNLAKQPDAMTHPDGMQIKITRQEIGQIVGCSRETVGRILKMLEDQNLISAHGKTIVV,-1
301,MASVRETGVNVSNDGITVVLGSQWGDEGKGKLVDILCDNVDVCARCQGGNNAGHTIVANGVTYDFHILPSGLVNPKCQNLIGSGVVVYLPAFFSELEKLVQKGLKCRDRLFISDRAHLVFDYHQRADALNEAELGKQSIGTTGKGIGPAYSTKATRSGIRVHHLYHWAEFEARYRKNVADLQKRYGAFEYDVEAELIRYKELAQRLKPFVIDAVAFMYEALQSKKRILVEGANALMLDLDFGTYPFVTSSNTTVGGVCTGLGVPPQRIANSIGVVKAYTTRVGAGPFPTEQLNEIGDHLQSVGREVGVTTGRKRRCGWLDLVVVKYSTMINGYTSLNLTKLDILDALDEIKVAVAYIINGKRIETFPADLDSLEEAEIVYETFPGWKVPTTGITHWDQMPENAKKYIEFIEKFVGVPITFIGVGPGRDEMLVKE,1
302,TTGRIVAVIGAVVDVQFDEGLPPILNALEVQGRETRLVLEVAQHLGESTVRTIAMDGTEGLVRGQKVLDSGAP,-1
303,NLGQPTIQSFEQVGTKVNVTVEDERTLVRRNNTFLSLRDVFGKDLIYTLYYWKSSGKKTAKTNTNEFLIDVDKGENYCFSVQAVIPSRTVNRKSTDSPVECMG,-1
304,MTCTVLVGGGWGDEGKGKCITYLCYNDKPSIIARAGVGPNAGHSVEFRGDKYGLRLTPSGFFHEDARLLIGAGVLVDPEVFLHEMEYLSKYSVADRTGVDYRCAIIERKHKEQDQSSSYLSKKIGSTGTGCGPANAERVMRTAKLAREVEELGDFLTDVPLEVNEALDEGEDVFVEGSQGFGLSLYYGTYPYVTSKDTTASTAAADVGIGPTRVDEVIAVFKSYITRVGEGPFPTEISQEEAEEMGLEEYGTVTGRRRRIGLFDMEMARESCMINGATQIAVTCVDRLYPECERVREYSDLSAEVKRFIEDIESATGVPVTIISTGPSLEDTIDLRDELL,1
305,MAALRQIAFYGKGGIGKSTTSQNTPAALVELGQKILIADCDPKTEFTQ,1
306,MKKIDAIIKPFKLDDVREALAEVGITGMTVTEVKGFGRQKGHTELYRGAEYMVDFLPKVKIEIVVPDDIVDTCVDTIIRTAQTGKIGDGKIFVFDVARVIRIRTGEEDDAAI,-1
307,TTTVGITLKDAVIMATERRVTMENFIMHKNGKKLFQIDTYTGMTIAGLVGDAQVLVRYMKAELELYRLQRRVNMPIEAVATLLSNMLNQVKYMPYMVQLLVGGIDTAPHVFSIDAAGGSVEDIYASTGSGSPFVYGVLESQYSEKMTVDEGVDLVIRAISAAKQRDSASGGMIDVAVITRKDGYVQLPTDQIESRIRKLGLIL,-1
308,SWQTYVDTNLVGTGAVTQAAILGLDGNTWATSAGFAVTPAQGTTLAGAFNNADAIRAGGFDLAGVHYVTLRADDRSIYGKKGSSGVITVKTSKAILVGVYNEKIQPGTAANVVEKLADYLIGQGF,-1
309,SEEDTALIDDALDEELEEEQDKNIKIAIVGRPNVGKSTLTNRILGEDRVVVFDMPGTTRDSIYIPMERDGQQYTLIDTAGVRKRGKVHLAVEKFSVIKTL,1
310,NDDKLYRADSRPPDEIKQSGGLMPRGQSEYFDRGTQMNINLYDHARGTQTGFVRHDDGYVSTSISLRSAHLVGQTILSGHSTYYLYVLATAPNMFNVNDVLGAYSPHPDEQEVSALGGIPYSQIYGWYRVHFGVLDEQLHRNRGYRDRYYSNLDIAPAADGYGLAGFPPEHRAWREEPWIHHAPPGCGNAPRXSNTCDEKTQSLGVKFLDEYQSKVKRQIFSGYQSDIDTHNRIKDEL,-1
311,VNKERTFLAVKPDGVARGLVGEIIARYEKKGFVLVGLKQLVPTKDLAESHYAEHKERPFFGGLVSFITSGPVVAMVFEGKGVVASARLMIGVTNPLASAPGSIRGDFGVDVGRNIIHGSDSVESANREIALWFKPEELLTEVKPNPNLYE,-1
312,SWMEEVIKLCGRELVRAQIAICGMSTWXXLYSALANKCCHVGCTKRSLARFC,-1
313,MRGFFVTGTDTEVGKTVISSGLAALLKDNNRHVGVYKPFLSGISRHHPDSDTSLLKDMSQTSLSHEDITPFAFKAPLAPYVAGKLEGKTVTMEEVLSHWGRIREKHECFIVEGAGGISVPLGEDYLVSHVIKALQLPMIIVARPRLGTINHTFLTVKYAESMGLPIAGIIINGISDSPDEDEKTNPEMIERLCGVPILGVTPKLANVTKETVLHMVKDHINLSLLMNQVGV,1
314,KVFEVHVRPKKLAVEPKGSLEVNCSTTCNQPEVGGLETSLNKILLDEQAQWKHYLVSNISHDTVLQCHFTCSGKQESMNSNVSVYQ,-1
315,KEDFVGHQVLRISVDDEAQVQKVKELEDLEHLQLDFWRGPARPGFPIDVRVPFPSIQAVKVFLEAHGIRYTIMIEDVQLLLDEEQEQMFASQGR,-1
316,KIRLYQFLLDLLRSGDMKDSIWWVDKDKGTFQFSSKHKEALAHRWGIQKGNRKKMTYEKMARALRNYGKTGEVKKVKKKLTYQFSGEV,-1
317,MKTEWPELVGKSVEEAKKVILQDKPEAQIIVLPVGTIVTMEYRIDRVRLFVDKLDNVAEVPRVG,-1
318,FDETEIEDFKEAFTVIDQNADGIIDKDDLRETFAAMGRLNVKNEELDAMIKEASGPINFTVFLTMFGEKLKGADPEDVIMGAFKVLDPDGKGSIKKSFLEELLTTGGGFTPEEIKNMWAAFPVDYKNICYVITHGEDA,-1
319,TNKKIEKQLQKDKQVYRATHRLLLLGAGESGKSSIVKQMRILHVNGFNAEEKKTKVQDIKNNIKEAIETIVTAMGNLSPPVELVNPENQFRIDYILNLPNYKDFEFSPEFYEHTKTLWQDEGVRACYERSNEYQLIDCAQYFLDKIDIVKQNDYTPSDQDLLRCRVLTSGIFETKFQVDKVNFHMFDVGGQRDERRKWIQCFNDVTAIIFVVASSSYNMVIREDNHTNRLQEALNLFKSIWNNRWLRTISVILFLNKQDLLAEKVNAGKSKIEDYFPEFARY,1
320,GLRKRLRKFRNKIKEKLKKIGQKIQGLLPKLA,-1
321,LTNDQVSVRFVVNNATTNLGQNIYIVGNVYELGNWDTSKAIGPMFNQVVYSYPTWYIDVSVPEGKTIEFKFIKKDSQGNVTWESGSNHVYTTPTNTTGKIIVDWQN,-1
322,SALTVQFVQGIFVEKYDPTIEDSYRKQVEVDCQQCMLEILDTAGTEQFTAMRDLYMKNGQGFALVYSITAQSTFNDLQDLREQILRVKDTEDVP,1
323,STNRLADTFTLFNQIVTNPLLEHATMILFLNKIDLLEKKLRQGVQLHKYWPEYVGDNDFEAVWRWFRAKFRD,1
324,MRVVLAGTGSAVGKTTIATGIMKALSGRGVQPFKVGPDYIDPSYHTMATGNTSRNIDSFFMTEAQIREAFTRAMKLSGSRMGIIEGVRGLYEGISPIGDTGSTASVAKALDAPVVLIINSRSLVKSAAAMVLGFRSLDREVKIEGVILNQVKNRRHYLKTRRAVEELTGTAVIGGIPRSSELEVEQRHLGLVPAVERDTIAAQIEKWGLAMEEY,1
325,NSKNISIDNIVTKGFANTYCIEAGGPEPGIGCAGRGIISAIEIIEQLNLIKELDIEVVVYDVLGDVVCGGFAVPLRMGFAKEEYLVTSGEVMALYAANNISKAINRFAQRSDVRLGGIICNQRNAYLEKEIVNILSSKLGTHIIGWIPRDNIVQECELAEKTVVEGSPESNQAQVYKELAKSIIENNNYVIPTPLSDEEFDKMVKEPL,1
326,LYMAAAVMMGLAAIGAAIQFFIVMGLVDAIPMICVGLGLYVMFAVA,-1
327,MASRRHNNLNAKLVLLGDMGAGKSSLVIRFVKGQFLEFQESTIGAAFFSSTVSVNNATVKFEIWDTAGQERYHSLAPMYYRGAAAAIIVYDITSTESLARAKKWVQELQKQGNPNMVMALAGNKADLEDKRKVTAEEARLYAEENGLFFMETSAKTATNVNDIFYEIAKRLPRAQPAQNPAGMVLEDKPAQGSQAA,1
328,MVDLKRLRQEPEVFHRAIREKGVALDLEALLALDREVQELKKRLQEVQTERNQVAKRVPKAPPEEKEALIARGKALGEEAKRLEEALREKEARLEALLLQVPLPPWPGAP,-1
329,NPIHDRTSDYHKYLKVKQGDSDLFKLTVSDKRXRNPIKFDGVEDMSELSYLNEPAVFHNLRVRYNQDLIYTYSGLFLVAVNPFKRIPIYTQEMVDIFKGRRRNEVAPHIFAISDVAYRSMLDDRQNQSLLITGESGAGKTENTKKVIQYLASVAGRNQAGVLEQQILQANPILEAFGNAKTTRNNNSSRFGKFIEIQFNNAGFISGASIQSYLLEKSRVVFQSETERNYHIFYQLLAGATAEEKKALHLAGPESFNYLNQSGCVDIKGVSDEDEFKITRQAMDIVGFSQEEQMSIFKIIAGILHLGNIKFEKGAGEGAVLKDKTALNAASTVFGVNPSVLEKALMEPRILAGRDLVAQHLNVEKSSSSRDALVKALYGRLFLWLVKKINNVLCSERAAYFIGVLDISGFEIFKVNSFEQLCINYTNEKLQQFFNHHMFKVEQEEYLKEKINLDSQATIDLIDGRQPPGILALLDEQSVFPNATDNTLITKLHSHFSKKNAKYEEPRFSKTEFGVTHYAGQVMYEIQDWLEKNKDPLQQDLELCFKDSSDNVVTKLFNDPNIASRAFITVAAQYKEQLASLMATLETTNPHFVRCIIPNNKQLPAKLEDKVVLDQLRCNGVLEGIRITRKGFPNRIIYADFVKRYYLLAPNVPRDAEDSQKATDAVLKHLNIDPEQYRFGITKIFFRAGQLARIEEARE,1
330,RLFDVKNEDGDVIGHALAMEGKVMKPLHVKGTIDHPVLSKLKFTKSSAYDMEFAQLPVNMRSEAFTYTSEHPEGFYNWHHGAVQYSGGRFTIPRGVGGRGDSGRPIMDNSGRVVAIVLGGADEGTRTALSVVTWNSKGKTIKTTPEGTEEW,-1
331,IVGCDPKADSTRLILNA,1
332,NRGCVLTAIHLNVTDLGLGYETKEELIFRYCSGSCEAAETMYDKILKNLSRSRVGQACCRPVAFDDDLSFLDDSLVYHILRKHSAKRCGCI,-1
333,SPGVVISDDEPGYDLDLFCIPNHYAEDLERVFIPHGLIMDRTERLARDVMKEMGGHHIVALCVLKGGYKFFADLLDYIKALNRNSDRSIPMTVDFIRLKSYCNDQSTGDIKVIGGDDLSTLTGKNVLIVEDIIDTGKTMQTLLSLVRQYNPKMVKVASLLVKRTPRSVGYKPDFVGFEIPDKFVVGYALDYNEYFRDLNHVCVISETGKAKYKA,-1
334,VEEKSIDLIQKWEEKSREFIGS,-1
335,FGGRRAVPPNNSNAAEDDLPTVEEFLNVTSVHLFKERWDTNKVDHHTDKYENNKLIVRRGQSFYVQIDFSRPYDPRRDLFRVEYVIGRYPQENKGTYIPVPIVSELQSGKWGAKIVMREDRSVRLSIQSSPKCIVGKFRMYVAVWTPYGVLRTSRNPETDTYILFNPWCED,-1
336,SQKFDVVVIGAGPGGYVAAIRAAQLGLKTACIEKYIGKEGKVALGGTCLNVGCIPSKALLDSSYKYHEAKEAFKVHGIEAKGVTIDVPAMVARKANIVKNLTGGIATLFKANGVTSFEGHGKLLANKQVEVTGLDGKTQVLEAENVIIASGSRPVEIPXRRPVTTDLLAADSGVTLDERGFIYVDDHCKTSVPGVFAIGDVVRGAMLAHKASEEGVMVAERIAGHKAQMN,-1
337,CDAFVGTWKLVSSENFDDYMKEVGVGFATRKVAGMAKPNMIISVNGDLVTIRSESTFKNTEISFKLGVEFDEITADDRKVKSIITLDGGALVQVQKWDGKSTTIKRKRDGDKLVVECVMKGVTSTRVYERA,-1
338,HHSGEHFEGEKVFRVNVEDENDISELHELASTRQIDFWKPDSVTQIKPHSTVDFRVKAEDILAVEDFLEQNELQYEVLINN,-1
339,MFSLMSGLWSYMFSKTEFNVLILGIDKAGKTTFLEKLKTIYSISEGLPHDRIVPTVGLNIGRIEVSNAKIVFWDLGGQPGLRSIWEKYYEEAHALIYLIDAACPTRFEDSKSALEKALRHEDLQGAPLLILANKQDLTNAVSAEELDRYLDLKKLDERVYMFEAVSGYDGRGIKESIEWLVGVMEKSKRTESLRARAGYTPVPNS,1
340,MKIDAIEAVIVDVPTKRPIQMSITTVHQQSYVIVRVYSEGLVGVGEGGSVGGPVWSAECAETIKIIVERYLAPHLLGTDAFNVSGALQTMARAVTGNASAKAAVEMALLDLKARALGVSIAELLGG,-1
341,YDDYLTINQELSEYNLRLTERPQIIVANKMDMPEAAENLEAFKEKLTDDYPVFPISAVTREGLRELLFEVANQLENTPEFPLYDEEELTQNRVMYTMEN,1
342,LCGESEKEQIREDILENQFMDSRMQLAKLCYDPDFEKLKPEYLQALPEMLKLYSQFLGKQPWFLGDKITFVDFIAYDVLERNQVFEPSCLDAFPNLKDFISRFEGLEKISAYMKSSRFLPRPVFTKMAVFGNK,-1
343,MVKVKFKYKGEEKEVDTSKIKKVWRVGKMVSFTYDDNGKTGRGAVSEKDAPKELLDMLARAEREKK,-1
344,ALIERIDAIIVDLPTIRQQQTLVVLRVRCSDGVEGIGEATTIGGLAYGYESPEGIKANIDAHLAPALIGLAADNINAAMLKLDKLAKGNTFAKSGIESALLDAQGKRLGLPVSELLGG,-1
345,PPRQVILTLQPTLVAVGKSFTIECRVPTVEPLDSLTLFLFRGNETLHYETFGKAAPAPQEATATFNSTADREDGHRNFSCLAVLDLMSRGGNIFHKHSAPKMLEIY,-1
346,MELVMLKRFFITGTDTSVGKTVVSRALLQALASQGKTVAGYKPVAKGSKETPEGLRNKDALVLQSVSTIELPYEAVNPIALSEEESSVAHSCPINYTLISNGLANLTEKVDHVVVEGTGGWRSLMNDLRPLSEWVVQEQLPVLMVVGIQEGCINHALLTAQAIANDGLPLIGWVANRINPGLAHYAEIIDVLGKKLPAPLIGELPYLPRAEQRELGQYIRLAMLRSVLAVDRVTV,1
347,LRIPCCPVNLKRLLVVVVVVVLVVVVIVGALLMGL,-1
348,RIAFSFLNDRKLHIGDFIESRVVLLGLDGAGKTSIVRRLKKVQMDTVMAPHPTIGFNIETIHYKNYRLNFWDVGGLPKLRHLWKHYYSNAQAIFYVIDGYAVERFSEAIKELNRVMSDPLVGTCPVIVAVNRKDGYAL,1
349,IPTSALVKETLALLSTHRTLLIANETLRIPVPVHKNHQLCTEEIFQGIGTLESQTVQGGTVERLFKNLSLIKKYIDGQKKKCGEERRRVNQFLDYLQEFLGVMNTEWI,-1
350,KLGFHEWGFDYVLLDFLGDVVCGGFGLPIARDLCQKVIVVGSNDLQSLYVVNNVCSAVTY,1
351,NTIGNEFGNLTERTDNSLNVLISSIEMEEGALFVPHYYSKAIVILVVNEGEAHVELVGPKGETLEYESYRAELSKDDVFVIPAAYPVAIKATSNVNFTGFGINANNNNRNLLAGKTDNVISSIGRALDGKDVLGLTFSGSGDEVMKLINKQSGSYFVDAH,-1
352,SEPIRVLVTGAAGQIAYSLLYSIGNGSVFGKDQPIILVLLDITPMMGVLDGVLMELQDCALPLLKDVIATDKEEIAFKDLDVAILVGSMPRRDGMERKDLLKANVKIFKCQGAALDKYAKKSVKVIVVGNPANTNCLTASKSAPSIPKENFSCL,-1
353,MPSGVQRVDAELQRKFARGVQYNLKIVIRGDRNVGKTCLWKRLQGLSFQEEYVATEEIQVANINWNYRATDDVVKVDVWDIVDQSTKKRVKDDKLKLANNGMDKNDGLDYEDTACDARFVDVYKGTNGVIFVFDITKTWTWEYVQKEIVKVPNKIPVLVLANRRDMGHHRQVTDLQCSTFVELFNSSHPSPDGSPRA,1
354,LQIDRLIDRITERAEDSGNESEGDQEELSALVERGHLAPWDVDDL,-1
355,EEASSTGRNFNVEKINGEWHTIILASDKREKIEDNGNFRLFLEQIHVLENSLVLKFHTVRDEECSELSMVADKTEKAGEYSVTYDGFNTFTIPKTDYDNFLMAHLINEKDGETFQLMGLYGREPDLSSDIKERFAQLCEEHGILRENIIDLSNANRC,-1
356,LEGVKKERPPVVTIMGHVDHGKTSLLDKIRDKRVAHTEAGGITQHIGAYMVEKNDKWVSFIDTPGHEAFSQMRNRGAQVTDIAVIVIAADDGVKQQTIEALEHAKAANVPVIFAMNKMDKPNVNPDKLKAECAELGYNPVDWGGEHEFIPVSAKTGDGIDNLLETILIQAGIMELKAIEEGSARAV,1
357,MTFITKTPPAAVLLKKAAGIESGSGEPNRNKVATIKRDKVREIAELKMPDLNAASIEAAMRMIEGTARSMGIVVED,-1
358,MDKVQYLTRSAIRRASTIEMPQQAC,-1
359,ERNIDVLVCPDSNCISHAEPVSSSFAVRRADDIALKCKYCEKEFSHNVVLAN,-1
360,MAQDIISTIGDLVKWIIDTVNKFTKK,-1
361,MANVVVVGSQWGDEGKGKIVDWLSERADVIVRYQGGHNAGHTLVIDGVSYKLSLLPSGLVRGKLSVIGNGVVVDPHHFVAEVEKLRGQGIDVTPDVLRVAENAPLILSIHRELDAMREGSNSGLKIGTTKRGIGPAYEDKVGRRAIRVIDLTEPETLRPKVERLLAHHNSLRRGMGLEEIAVETILTELTSVADQILPYIDQVWRVLDERRKRGARILFEGRRALLDNDHGTYPFVTSSNTVAGQAAAGSGLGPTAIGYVLGITKAYTTRVGEGPFPTELNDEIGEFLGTKGHEFGVVTGRKRRCGWFDAVIVRQTVRTSGINGIALTKLDVLDGLEEIKICVAYELDGKRIDYLPSSMGAQARVKPIYETLPGWSETTAGARSWNDLPAQASNMSAISKS,1
362,SWFEPLVEDMQRQWAGLVEKVQAA,-1
363,MEVAMVSAESSGCNSHMPYGYAAQARARERERLAHS,-1
364,QAEWRSWEVNKRLEYSLVKGITEFIEQDTEEARQQATRPIEVIEGPLMDGMNVVGDLFGEGKMFLPQVVKSARVMKQAVAYLEPFIEASK,-1
365,GGSVIVIDSKAAWDAQLAKGKEEHKPIVVDFTATWCGPCKMIAPLFETLSNDYAGKVIFLKVDVDAVAAVAEAAGITAMPTFHVYKDGVKADDLVGASQDKLKALVAKHAAA,-1
366,GAITVLHCELTAEIGVTDSIVVSSELVMPYTVGTWLRGVADNWSKYSWLSVRYTYIPSCPSSTAGSIHMGFQYDMADTVPVSVNKLSNLRGYVSGQVWSGSAGLCFINNSRCSDTSTAISTTLDVSELGKKWYPYKTSADYATAVGVDVNIATDLVPARLVIALLDGSSSTAVAAGRIYDTYTIQMIEPTASALNL,-1
367,TKCYVTPDATSQTCPDGQDICYTKTWCDGFCSSRGKRIDLGCAATCPKVKPGVDIKCCSTDNCNPFPTWKRKH,-1
368,AEIEVGRVYTGKVTRIVDFGAFVAIGGGKEGLVHISQIADKRVEKVTDYLQMGQEVPVKVLEVDRQGRIRLSIKEA,-1
369,SVTCPGGQSTSNSQCCVWFDVLDDLQTNFYQGSKCESPVRKILRIVFHDAIGFSPALTAAGQFGGGGADGSIIAHSNIELAFPANGGLTDTIEALRAVGINHGVSFGDLIQFATAVGMSNCPGSPRLEFLTGRSNSSQPSPPSLIPGPGNTVTAILDRMGDAGFSPDEVVDLLAAHSLASQEGLNSAIFRSPLDSTPQVFDTQFYIETLLKGTTQPGPSLGFAEELSPFPGEFRMRSDALLARDSRTACRWQSMTSSNEVMGQRYRAAMAKMSVLGFDRNALTDCSDVIPSAVSNNAAPVIPGGLTVDDIEVSCPSEPFPEIATASGPLPSLAPAP,-1
370,LNCGQVDSKMKPCLTYVQGGPGPSGECCNGVRDLHNQAQSSGDRQTVCNCLKGIARGIHNLNLNNAASIPSKCNVNVPYTISPDIDCSRIY,-1
371,LSSNFYATKCPNALSTIKSAVNSAVAKEARMGASLLRLHFHDCFVQGCDASVLLDDTSNFTGEKTAGPNANSIRGFEVIDTIKSQVESLCPGVVSCADILAVAARDSVVALGGASWNVLLGRRDSTTASLSSANSDLPAPFFNLSGLISAFSNKGFTTKELVTLSGAHTIGQAQCTAFRTRIYNESNIDPTYAKSLQANCPSVGGDTNLSPFDVTTPNKFDNAYYINLRNKKGLLHSDQQLFNGVSTDSQVTAYSNNAATFNTDFGNAMIKMGNLSPLTGTSGQIRTNCRKTN,-1
372,MDIYVCTVCGYEYDPAKGDPDSGIKPGTKFEDLPDDWACPVCGASKDAFEKQ,-1
373,ADGRSTRYWDCCKPSCGWAKKAPVNQPVFSCNANFQRITDFDAKSGCEPGGVAYSCADQTPWAVNDDFALGFAATSIAGSNEAGWCCACYELTFTSGPVAGKKMVVQSTSTSNHFDLNIPGGGVGIFDGCTPQFGGLPGQRYGGISSRNECDRFPDALKPGCYWRFDWFKNADNPSFSFRQVQCPAELVARTGCRRNDDGNFPAV,-1
374,VKPTDYVNKFADELGLSEKVRRRAIEILDEAYKRGLTSGKSPAGLVAAALYIASLLEGEKRTQREVAEVARVTEVTVRNRYKELVEKLKIKVPIA,-1
375,GSHSLRYFHTAVSRPGRGEPQYISVGYVDDVQFQRCDSIEEIPRMEPRAPWMEKERPEYWKELKLKVKNIAQSARANLRTLLRYYNQSEGGSHILQWMVSCEVGPDMRLLGAHYQAAYDGSDYITLNEDLSSWTAVDMVSQITKSRLESAGTAEYFRAYVEGECLELLHRFLRNGKEILQR,-1
376,QACKKHELYVSFRDLGWQDWIIAPEGYAAYYCEGECAFPLNSYMNATNHAIVQTLVHFINPETVPKPCCAPTQLNAISVLYFDDSSNVILKKYRNMVVRACGCH,-1
377,DRVKRPMNAFIVWSRDQRRKMALENPRMRNSEISKQLGYQWKMLTEAEKWPFFQEAQKLQAMHREKYPNYKYR,-1
378,SEKSEEINEKDLRKKSELQGTALGNLKQIYYYNEKAKTENKESHDQFLQHTILFKGFFTYNDLLVDFDSKDIVDKYKGKKVDLYGAYYGYQCAGGTPNKTACMYGGVTLHDNNRLT,-1
379,DAIPGPLGPQSASLEGKVALVTGAGRGIGREMAMELGRRGCKVIVNYANSTESAEEVVAAIKKNGSDAACVKANVGVVEDIVRMFEEAVKIFGKLDIVCSNSGVVSFGHVKDVTPEEFDRVFTINTRGQFFVAREAYKHLEIGGRLILMGSITGQAKAVPKHAVYSGSKGAIETFARCMAIDMADKKITVNVVAPGGIKTDMYHAVCREYIPNGENLSNEEVDEYAAVQWSPLRRVGLPIDIARVVCFLASNDGGWVTGKVIGIDGGACM,-1
380,TQFNPVDHPHRRYNPLTGQWILVSPHRAKRPWEGAVLPAHDPDCFLCAGNVRVTGDKNPDYTGTYVFTNDFAALMSDTPDAPESHDPLMRCQSARGTSRVICFSPDHSKTLPELSVAALTEIVKTWQEQTAELGKTYPWVQVFENKGAAMGCSNPHPHGQIWANSFLPN,-1
381,YTMCDKTKFTWKRAPTDSGHDTVVMEVTFSGTKPCRIPVRAVAHGSPDVNVAMLITPNPTIENNGGGFIEMQLPPGDNIIYVGELSHQWFQK,-1
382,SKYVDRVIAEVEKKYADEPEFVQTVEEVLSSLGPVVDAHPEYEEVALLERMVIPERVIEFRVPWEDDNGKVHVNTGYRVQFNGAIGPYKGGLRFAPSVNLSIMKFLGFEQAFKDSLTTLPMGGAKGGSDFDPNGKSDREVMRFCQAFMTELYRHIGPDIDVPAGDLGVGAREIGYMYGQYRKIVGGFYNGVLTG,-1
383,KKKPLDGEYFTLQIRGRERFEMFRELNEALELKDAQAGKEPG,-1
384,GGGARSGDDVVAKYCNACHGTGLLNAPKVGDSAAWKTRADAKGGLDGLLAQSLSGLNAMPPKGTCADCSDDELKAAIGKMSGL,-1
385,ESTRCDPDLVLSAMVSDNHGATYVFSGSHYWRLDTNRDGWHSWPIAHQWPQGPSTVDAAFSWEDKLYLIQDTKVYVFLTKGGYTLVNGYPKRLEKELGSPPVISLEAVDAAFVCPGSSRLHIMAGRRLWWLDLKSGAQATWTELPWPHEKVDGALCMEKPLGPNSCSTSGPNLYLIHGPNLYCYRHVDKLNAAKNLPQPQRVSRLLGCTH,-1
386,PFHYDGEINLLLSDWWHQSIHKQEVGLSSKPIRWIGEPQTILLNGRGQFDCSIAAKYDSNLEPCKLKGSESCAPYIFHVSPKKTYRIRIASTTALAALNFAIGNHQLLVVEADGNYVQPFYTSDIDIYSGESYSVLITTDQNPSENYWVSVGTRARHPNTPPGLTLLNYLPNSVSKLPTSPPPQTPAWDDFDRSKNFTYRITAAMGSPK,-1
387,TTPNSEGWHDGYYYSWWSDGGAQATYTNLEGGTYEISWGDGGNLVGGKGWNPGLNARAIHFEGVYQPNGNSYLAVYGWTRNPLVEYYIVENFGTYDPSSGATDLGTVECDGSIYRLGKTTRVNAPSIDGTQTFDQYWSVRQDKRTSGTVQTGCHFDAWARAGLNVNGDHYYQIVATEGYFSSGYARITVADVG,-1
388,SKDTGFVTYKNWPIYKDDTTIAMRKGTDGSQIVTILSNKGASGDSYTLSLSGAGYTAGQQLTEVIGCTTVTVGSDGNVPVPMAGGLPRVLYPTEKLAGSKICS,-1
389,EPATILLIDDHPMLRTGVKQLISMAPDITVVGEASNGEQGIELAESLDPDLILLDLNMPGMNGLETLDKLREKSLSGRIVVFSVSNHEEDVVTALKRGADGYLLKDMEPEDLLKALHQAAAGEMVLSEALTPVLAASL,-1
390,ASAPIGSAISRNNWAVTCDSAQSGNECNKAIDGNKDTFWHTFYGANGDPKPPHTYTIDMKTTQNVNGLSMLPRQDGNQNGWIGRHEVYLSSDGTNWGSPVASGSWFADSTTKYSNFETRPARYVRLVAITEANGQPWTSIAEINVFQASS,-1
391,RVSKPKISWTCINTTLTCEVMNGTDPELNLYQDGKHLKLSQRVITHKWTTSLSAKFKCTAGNKVSKESSVEPVSCPEK,-1
392,AEQLRGEPWFHGKLSRREAEALLQLNGDFLVRESTTTPGQYVLTGSQSGQPKHLLLVDPEGVVRTKDHRFESVSHLISYHMDNHLPIISAGSELCLQQPVERKLLEH,-1
393,PNFAGTWKMRSSENFDELLKALGVNAMLRKVAVAAASKPHVEIRQDGDQFYIKTSTTVRTTEINFKVGEGFEEETVDGRKCRSLPTWENENKIHCTQTLLEGDGPKTYWTRELANDELILTFGADDVVCTRIYVRE,-1
394,VEVIAETNVPLDPNVHQAIAMVESDDVAPGNVLGIMQKGYTLNGRTIRAAMVTVAKAKA,-1
395,PKLVLVRHGQSEWNEKNLFTGWVDVKLSAKGQQEAARAGELLKEKGVNVLVDYTSKLSRAIQTANIALEKADRLWIPVNRSWRLNERHYGDLQGKDKAQTLKKFGEEKFNTYRRSFDVPPPPIDASSPFSQKGDERYKYVDPNVLPETESLALVIDRLLPYWQDVIAKLVGKTSMIAAHGNSLRGLVKHLEGISDADIAKLNIPPGTILVFELDENLKPSKPSYYLDPEA,-1
396,PPYTIVYFPVRGRCEAMRMLLADQGQSWKEEVVTIDTWMQGLLKPTCLYGQLPKFEDGDLTLYQSNAILRHLGRSLGL,-1
397,ECVPENGHCRDWYDECCEGFYCSCRQPPKCICRNNN,-1
398,SFVKDFKPQALGDTNLFKPIKIGNNELLHRAVIPPLTRMRALHPGNIPNRDWAVEYYTQRAQRPGTMIITEGAFISPQAGGYDNAPGVWSEEQMVEWTKIFNAIHEKKSFVWVQLWVLGWAAFPDNLARDGLRYDSASDNVFMDAEQEAKAKKANNPQHSLTKDEIKQYIKEYVQAAKNSIAAGADGVEIHSANGYLLNQFLDPHSNTRTDEYGGSIENRARFTLEVVDALVEAIGHEKVGLRLSPYGVFNSMSGGAETGIVAQYAYVAGELEKRAKAGKRLAFVHLVEPRVTNPFLTEGEGEYEGGSNDFVYSIWKGPVIRAGNFALHPEVVREEVKDKRTLIGYGRFFISNPDLVDRLEKGLPLNKYDRDTFYQMSAHGYIDYPTYEEALKLGWDKK,-1
399,GETHFVDTQALEKDWLRFANILGQRELAKLDKGGVAYRLPVPGARVAGGKLEANIALPGLGIEYSTDGGKQWQRYDAKAKPAVSGEVQVRSVSPDGKRYSRAEKV,-1
400,DEFYISIETVGNNIVERYIDENGKERTREVEYLPTMFRHCKEESKYKDIYGKNCAPQKFPSMKDARDWMKRMEDIGLEALGMNDFKLAYISDTYGSEIVYDRKFVRVANCDIEVTGDKFPDPMKAEYEIDAITHYDSIDDRFYVFDLLNSMYGSVSKWDAKLAAKLDCEGGDEVPQEILDRVIYMPFDNERDMLMEYINLWEQKRPAIFTGWNIEGFDVPYIMNRVKMILGERSMKRFSPIGRVKSKLLQNMYGSKEIYSIDGVSILDYLDLYKKFAFTNLPSFSLESVAQHETKKGKLPYDGPINKLRETNHQRYISYNIIDVESVQAIDKIRGFIDLVLSMSYYAKMPFSGVMSPIKTWDAIIFNSLKGE,-1
401,LLEDRILTTRNGHTTSTTQSSVGVTYGYATAEDFVSGPNTSGLETRVVQAERFFKTHLFDWVTSDSFGRCHLLELPTDHKGVYGSLTDSYAYMRNGWDVEVTAVGNQFNGGCLLVAMVPELCSIQKRELYQLTLFPHQFINPRTNMTAHITVPFVGVNRYDQYKVHKPWTLVVMVVAPLTVNTEGAPQIKVYANIAPTNVHVAGEFPSKE,-1
402,DEVPHCETLWMLATGTAIGPYLSILRLGKDLDRFKNLVLVHAARYAADLSYLPLMQELEKRYEGKLRIQTVVSRETAAGSLTGRIPALIESGELESTIGLPMNKETSHVMLCGNPQMVRDTQQLLKETRQMTKHLRRRPGHMTAEHYW,-1
403,QREIPALKHKIEPILKARKQYAYGAQHDYFDHHDIVGWTREGDSSVANSGLAALITDGPGGAKRMYVGRQNAGETWHDITGNRSEPVVINSEGWGEFHVNGGSVSIYVQ,-1
404,AQDDYRYIHFLTQHYDAKPKGRNDEYCFNMMKNRRLTRPCKDRNTFIHGNKNDIKAICEDRNGQPYRGDLRISKSEFQITICKHKGGSSRPPCRYGATEDSRVIVVGCENGLPVHFDESFITPRH,-1
405,MKFGNFLLTYQPPELSQTEVMKRLVNLGKASEGCGFDTVWLLEHHFTEFGLLGNPYVAAAHLLGATETLNVGTAAIVLPTAHPVRQAEDVNLLDQMSKGRFRFGICRGLYDKDFRVFGTDMDNSRALMDCWYDLMKEGFNEGYIAADNEHIKFPKIQLNPSAYTQGGAPVYVVAESASTTEWAAERGLPMILSWIINTHEKKAQLDLYNEVATEHGYDVTKIDHCLSYITSVDHDSNRAKDICRNFLGHWYDSYVNATKIFRIDYSYEINPVGTPEECIAIIQQDIDATGIDNICCGFEANGSEEEIIASMKLFQSDVMPYLKEKQ,-1
406,MEQLSTANTHFAVDLFRALNESDPTGNIFISPLSISSALAMIFLGTRGNTAAQVSKALYFDTVEDIHSRFQSLNADINKPGAPYILKLANRLYGEKTYNFLADFLASTQKMYGAELASVDFQQAPEDARKEINEWVKGQTEGKIPELLVKGMVDNMTKLVLVNAIYFKGNWQQKFMKEATRDAPFRLNKKDTKTVKMMYQKKKFPYNYIEDLKCRVLELPYQGKELSMIILLPDDIEDESTGLEKIEKQLTLDKLREWTKPENLYLAEVNVHLPRFKLEESYDLTSHLARLGVQDLFNRGKADLSGMSGARDLFVSKIIHKSFVDLNEEGTEAAAATAGTILLAXEENFNADHPFIFFIRHNPSANILFLGRFSSP,-1
407,MEITNVNEYEAIAKQKLPKMVYDYYASGAEDQWTLAENRNAFSRILFRPRILIDVTNIDMTTTILGFKISMPIMIAPTAMQKMAHPEGEYATARAASAAGTIMTLSSWATSSVEEVASTGPGIRFFQLYVYKDRNVVAQLVRRAERAGFKAIALTVDTPRLGRREADIKNRFVLPPFLTLKNFEGIDLGLSSYVAGQIDRSLSWKDVAWLQTITSLPILVKGVITAEDARLAVQHGAAGIIVSNHGARQLDYVPATIMALEEVVKAAQGRIPVFLDGGVRRGTDVFKALALGAAGVFIGRPVVFSLAAEGEAGVKKVLQMMRDEFELTMALSGCRSLKEISRSHIAADWD,-1
408,GKGDPKKPRGKMSSYAFFVQTSREEHKKKHPDASVNFSEFSKKCSERWKTMSAKEKGKFEDMAKADKARYEREMKTYIPPKGE,-1
409,LNVLCNNPHTADCNNDAQVDRYFREGTTCLMSPACTSEGYASQHECQQACFVGGED,-1
410,AGLLDGKRILVSGIITDSSIAFHIARVAQEQGAQLVLTGFDRLRLIQRITDRLPAKAPLLELDVQNEEHLASLAGRVTEAIGAGNKLDGVVHSIGFMPQTGMGINPFFDAPYADVSKGIHISAYSYASMAKALLPIMNPGGSIVGMDFDPSRAMPAYNWMTVAKSALESVNRFVAREAGKYGVRSNLVAAGPIRTLAMSAIVGGALGEEAGAQIQLLEEGWDQRAPIGWNMKDATPVAKTVCALLSDWLPATTGDIIYADGGAHTQLL,-1
411,MSSLVYIAFQDNDNARYVVEAIIQDNPHAVVQHHPAMIRIEAEKRLEIRRETVEENLGRAWDVQEMLVDVITIGGNVDEDDDRFVLEWKN,-1
412,QPRFIVKPYGTEVGEGQSANFYCRVIASSPPVVTWHKDDRELKQSVKYMKRYNGNDYGLTINRVKGDDKGEYTVRAKNSYGTKEEIVFLNVTRHSEP,-1
413,KFESKAALLAARGPEELLCFTERLEDLVCFWEEAASAGVGPGNYSFSYQLEDEPWKLCRLHQAPTARGAVRFWCSLPTADTSSFVPLELRVTAASGAPRYHRVIHINEVVLLDAPVGLVARLADESGHVVLRWLPPPETPMTSHIRYEVDVSAGNGAGSVQRVEILEGRTECVLSNLRGRTRYTFAVRARMAEPSFGGFWSAWSEPVSLLT,-1
414,MPPREVHVQVTHSMPPQKIEIFKSLDNWAEENILVHLKPVEKCWQPQDFLPDPASDGFDEQVRELRERAKEIPDDYFVVLVGDMITEEALPTYQTMLNTLDGVRDETGASPTSWAIWTRAWTAEENRHGDLLNKYLYLSGRVDMRQIEKTIQYLIGSGMDPRTENSPYLGFIYTSFQERATFISHGNTARQAKEHGDIKLAQICGTIAADEKRHETAYTKIVEKLFEIDPDGTVLAFADMMRKKISMPAHLMYDGRDDNLFDHFSAVAQRLGVYTAKDYADILEFLVGRWKVDKLTGLSAEGQKAQDYVCRLPPRIRRLEERAQGRAKEAPTMPFSWIFDRQVKL,-1
415,TYIDDITVTTSVEQDSGLVNYQISVKGSNLFKLEVRLLDAENKVVANGTGTQGQLKVPGVSLWWPYLMHERPAYLYSLEVQLTAQTSLGPVSDFYTLPVGIRT,-1
416,IQLWQFLLELLTDKSCQSFISWTGDGWEFKLSDPDEVARRWGKRKNKPKMNYEKLSRGLRYYYDKNIIHKTAGKRYVYRFVCDLQSLLGYTPEELHAMLDVKPDAD,-1
417,RSVQWCAVSNPEATKCFQWQRNMRKVRGPPVSCIKRDSPIQCIQAIAENRADAVTLDGGFIYEAGLAPYKLRPVAAEVYGTERQPRTHYYAVAVVKKGGSFQLNELQGLKSCHTGLRRTAGWNVPIGTLRPFLNWTGPPEPIEAAVARFFSASCVPGADKGQFPNLCRLCAGTGENKCAFSSQEPYFSYSGAFKCLRDGAGDVAFIRESTVFEDLSDEAERDEYELLCPDNTRKPVDKFKDCHLARVPSHAVVARSVNGKEDAIWNLLRQAQEKFGKDKSPKFQLFGSPSGQKDLLFKDSAIGFSRVPPRIDSGLYLGSGYFTA,-1
418,PRRIILSRLKAGEVDLLEEELGHLTTLTDVVKGADSLSAILPGDIAEDDITAVLCFVIEADQITFETVE,-1
419,QPKANPTVTLFPPSSEELQANKATLVCLISDFYPGAVTVAWKADGSPVEAGVETTKPSKQSNNKYAASSYLSLTPEQWKSHRSYSCQVTHEGSTVEKTVAPTECS,-1
420,YDNYVFDIWKQYYPQPVEIKHDHVLDHYDIHEELGTGAFGVVHRVTERATGNNFAAKFVMTPHESDKETVRKEIQTMSVLRHPTLVNLHDAFEDDNEMVMIYEFMSGGELFEKVADEHNKMSEDEAVEYMRQVCKGLCHMHENNYVHLDLKPENIMFTTKRSNELKLIDFGLTAHLDPKQSVKVTTGTAEFAAPEVAEGKPVGYYTDMWSVGVLSYILLSGLSPFGGENDDETLRNVKSCDWNMDDSAFSGISEDGKDFIRKLLLADPNTRMTIHQALEHPWLTPGNAPGRDSQIPSSRYTKIRDSIKTKYDAWPEPLPPLGRISNYSSLRKHRPQEYSIRDAFWDRSEA,-1
421,GGAKEPVGELKKAIDEQFGGFQALKEKLTQAAMGRFGSGWAWLVKDPFGKLHVLSTPNQDNPVMEGFTPIVGIDVWEHAYYLKYQNRRADYLQAIWNVLNWDVAEEFFKKA,-1
422,ILVIRKGWLTINNIGIMKGGSKEYWFVLTAENLSWYKDDEEKEKKYMLSVDNLKLRDVEKGFMSSKHIFALFNTEQRNVYKDYRQLELACETQEEVDSWKASFLRAGVYPERV,-1
423,VRSLNSIVAVCQNMGIGKDGNLPWPPLRNEYKYFQRMTSTSHVEGKQNAVIMGKKTWFSIPEKNRPLKDRINIVLSRELKEAPKGAHYLSKSLDDALALLDSPELKSKVDMVWIVGGTAVYKAAMEKPINHRLFVTRILHEFESDTFFPEIDYKDFKLLTEYPGVPADIQEEDGIQYKFEVYQKSV,-1
424,PATVPSGDKIGVAAQQLSEASYPFLKEIDWLSDVYMKPLPGVSAQQSLKAIDKMIVMGAQADGNALKAAAEAHHKAIGSIDATGVTSAADYAAVNAALGRVIASVPKSTVMDVYNAMAGVTDTSIPLNMFSKVNPLDANAAAKAFYTFKDVVQAAQ,-1
425,KEKHYYIGIIETTWDYASDHGEKKLISVDTEHSNIYLQNGPDRIGRLYKKALYLQYTDETFRTTIEKPVWLGFLGPIIKAETGDKVYVHLKNLASRPYTFHSHGITYYKEHEGAIYPDNTTDFQRADDKVYPGEQYTYMLLATEEQSPGEGDGNCVTRIYHSHIDAPKDIASGLIGPLIICKKDSLDKEKEK,-1
426,MLNTTFANAKFANPFMNASGVHCMTIEDLEELKASQAGAYITKSSTLEKREGNPLPRYVDLELGSINSMGLPNLGFDYYLDYVLKNQKENAQEGPIFFSIAGMSAAENIAMLKKIQESDFSGITELNLSCPNVPGKPQLAYDFEATEKLLKEVFTFFTKPLGVKLPPYFDLVHFDIMAEILNQFPLTYVNSVNSIGNGLFIDPEAESVVIKPKDGFGGIGGAYIKPTALANVRAFYTRLKPEIQIIGTGGIETGQDAFEHLLCGATMLQIGTALHKEGPAIFDRIIKELEEIMNQKGYQSIADFHGKLKSL,-1
427,YDGQNCKEPGNCWENKPGYPEKIAGSKYDPKHDPVELNKQEESIKAMDARNAKRIANAKSSGNFVFDVK,-1
428,MTKTLPKDFIFGGATAAYQAEGATHTDGKGPVAWDKYLEDNYWYTAEPASDFYHKYPVDLELAEEYGVNGIRISIAWSRIFPTGYGEVNEKGVEFYHKLFAECHKRHVEPFVTLHHFDTPEALHSNGDFLNRENIEHFIDYAAFCFEEFPEVNYWTTFNEIGPIGDGQYLVGKFPPGIKYDLAKVFQSHHNMMVSHARAVKLYKDKGYKGEIGVVHALPTKYPYDPENPADVRAAELEDIIHNKFILDATYLGHYSDKTMEGVNHILAENGGELDLRDEDFQALDAAKDLNDFLGINYYMSDWMQAFDGETEIIKYQIKGVGRRVAPDYVPRWIIYPEGLYDQIMRVKNDYPNYKKIYITENGLGYKDEFVDNTVYDDGRIDYVKQHLEVLSDAIADGANVKGYFIWSLMDVFSWSNGYEKRYGLFYVDFDTQERYPKKSAHWYKKLAETQVIE,-1
429,NTRSVAELVIGELLLLLRGVPEANAKAHRGVWNKLAAGSFEARGKKLGIIGYGHIGTQLGILAESLGMYVYFYDIENKLPLGNATQVQHLSDLLNMSDVVSLHVPENPSTKNMMGAKEISLMKPGSLLINASRGTVVDIPALCDALASKHLAGAAIDVFPTEPATNSDPFTSPLCEFDNVLLTPHIGG,-1
430,RSIYLCRHGESELNLRGRIGGDSGLSARGKQYAYALANFIRSQGISSLKVWTSHKRTIQTAEALGVPYEQWKALNEIDAGVCEETYEEIQEHYPEEFALRDQDKYRYRYPKGESYEDLVQRLEPVIELERQENVLVICHQAVRCLLAYFLDKSSDELPYLKCPLHTVLKLTPVAYGCRVESIYLNV,-1
431,TGCALWLHRCAEIEGELKCLHGSIMINKEHVSNTDARCCVHDAACPANQFSGKSCGMFFSEGAKAQVAFKQIKAFMQALYPNAQT,-1
432,MSELDQLRQEAEQLKNQIRDARKACADATLSQITNNIDPVGRIQMRTRRTLRGHLAKIYAMHWGTDSRLLLSASQDGKLIIWDSYTTNKVHAIPLRSSWVMTCAYAPSGNYVACGGLDNICSIYNLKTREGNVRVSRELAGHTGYLSCCRFLDDNQIVTSSGDTTCALWDIETGQQTTTFTGHTGDVMSLSLAPDTRLFVSGACDASAKLWDVREGMCRQTFTGHESDINAICFFPNGNAFATGSDDATCRLFDLRADQELMTYSHDNIICGITSVSFSKSGRLLLAGYDDFNCNVWDALKADRAGVLAGHDNRVSCLGVTDDGMAVATGSWDSFLKIWN,-1
433,MKDNTVPLKLIALLANGEFHSGEQLGETLGMSRAAINKHIQTLRDWGVDVFTVPGKGYSLPEP,-1
434,SPYSSDTTPCCFAYIARPLPRAHIKEYFYTSGKCSNPAVVFVTRKNRQVCANPEKKWVREYINSLEMS,-1
435,SKQLAIKKMNEIQKNIDGWEGKDIGQCCNEFIMEGTLTRVGAKHERHIFLFDGLMICCKSNHGQPRLPGASSAEYRLKEKFFMRKVQINDKDDTSEYKHAFEIILKDGNSVIFSAKSAEEKNNWMAALISLQYRS,-1
436,PPVKFNRRIFLLNTQNVINGYVKWAINDVSLALPPTPYLGAMKYNLLHAFDQNPPPEVFPEDYDIDTPPTNEKTRIGNGVYQFKIGEVVDVILQNANMMKENLSETHPWHLHGHDFWVLGYGDGKFSAEEESSLNLKNPPLRNTVVIFPYGWTAIRFVADNPGVWAFHCHIEPHLHMGMGVVFAEGVEKVGRIPTKALACGGTAKSLINNPKNP,-1
437,KIGIFFSTSTGNTTEVADFIGKTLGAKADAPIDVDDVTDPQALKDYDLLFLGAPTWNTGADTERSGTSWDEFLYDKLPEVDMKDLPVAIFGLGDAEGYPDNFCDAIEEIHDCFAKQGAKPVGFSNPDDYDYEESKSVRDGKFLGLPLDMVNDQIPMEKRVAGWVEAVVSETGV,-1
438,GHGHLLMPLRCECNSFLGRQLPKLTPFALSNAEDLDADLISDKSVLASVHHPALIVFQCCNPNCDFKISAPDLLNALVMVRSLWSENFTELPRMVVPQFKWSTKHQYRNVSLPVAHSDARQNPFDF,-1
439,RTREYTSVITVPNGGHWGKWGIRQFCHSGYANGFALKVEPSQFGRDDTALNGIRLRCLDGSVIESLVGKWGTWTSFLVCPTGYLVSFSLRSEKSQGGGDDTAANNIQFRCSDEAVLVGDGLSWGRFGPWSKRCKICGLQTKVESPQGLRDDTALNNVRFFCCK,-1
440,AKQDYYEILGVSKTAEEREIRKAYKRLAMKYHPDRNQGDKEAEAKFKEIKEAYEVLTDSQKRAAYDQYGHAAFEQ,-1
441,MNYTKFDVKNWVRREHFEFYRHRLPCGFSLTSKIDITTLKKSLDDSAYKFYPVMIYLIAQAVNQFDELRMAIKDDELIVWDSVDPQFTVFHQETETFSALSCPYSSDIDQFMVNYLSVMERYKSDTKLFPQGVTPENHLNISALPWVNFDSFNLNVANFTDYFAPIITMAKYQQEGDRLLLPLSVQVHHAVCDGFHVARFINRLQELCNSKLK,-1
442,TVIKNETGTISISQLNKNVWVHTELGSFNGEAVPSNGLVLNTSKGLVLVDSSWDDKLTKELIEMVEKKFQKRVTDVIITHAHADRIGGIKTLKERGIKAHSTALTAELAKKNGYEEPLGDLQTVTNLKFGNMKVETFYPGKGHTEDNIVVWLPQYNILVGGCLVKSTSAKDLGNVADAYVNEWSTSIENVLKRYRNINAVVPGHGEVGDKGLLLHTLDLLK,-1
443,KKLTTAAGAPVVDNNNVITAGPRGPMLLQDVWFLEKLAHFDREVIPERRHAKGSGAFGTFTVTHDITKYTRAKIFSEVGKKTEMFARFSTVAGERGAADAERDIRGFALKFYTEEGNWDMVGNNTPVFYLRDPLKFPDLNHIVKRDPRTNMRNMAYKWDFFSHLPESLHQLTIDMSDRGLPLSYRFVHGFGSHTYSFINKDNERFWVKFHFRCQQGIKNLMDDEAEALVGKDRESSQRDLFEAIERGDYPRWKLQIQIMPEKEASTVPYNPFDLTKVWPHADYPLMDVGYFELNRNPDNYFSDVEQAAFSPANIVPGISFSPDKMLQGRLFSYGDAHRYRLGVNHHQIPVNAPKCPFHNYHRDGAMRVDGNSGNGITYEPNSGGVFQEQPDFKEPPLSIEGAADHWNHREDEDYFSQPRALYELLSDDEHQRMFARIAGELSQASKETQQRQIDLFTKVHPEYGAGVEKAIKVL,-1
444,AEKCFDHAAGTSYVVGETWEKPYQGWMMVDCTCLGEGSGRITCTSR,-1
445,ADTRIGVTIYKYDDNFMSVVRKAIEKDGKSAPDVQLLMNDSQNDQSKQNDQIDVLLAKGVKALAINLVDPAAAGTVIEKARGQNVPVVFFNKEPSRKALDSYDKAYYVGTDSKESGVIQGDLIAKHWQANQGWDLNKDGKIQYVLLKGEPGHPDAEARTTYVVKELNDKGIQTEQLALDTAMWDTAQAKDKMDAWLSGPNANKIEVVIANNDAMAMGAVEALKAHNKSSIPVFGVDALPEALALVKSGAMAGTVLNDANNQAKATFDLAKNLAEGKGAADGTSWKIENKIVRVPYVGVDKDNLSEFTQK,-1
446,SISQQTVWNQMATVRTPLNFDSSKQSFCQFSVDLLGGGISVDKTGDWITLVQNSPISNLLRVAAWKKGCLMVKVVMSGNAAVKRSDWASLVQVFLTNSNSTEHFDACRWTKSEPHSWELIFPIEVCGPNNGFEMWSSEWANQTSWHLSFLVDNPKQSTTFDVLLGISQNFEIAGNTLMPAFSVPQ,-1
447,TRAMKQVAGTMKLELAQYREVAAFAQFGSDLDAATQQLLSRGVRLTELLKQGQYSPMAIEEQVAVIYAGVRGYLDKLEPSKITKFENAFLSHVISQHQALLGKIRTDGKISEESDAKLKEIVTNFLAGFEA,-1
448,MPRVYKPCFVCQDKSSGYHYGVSACEGCKGFFRRSIQKNMIYTCHRDKNCVINKVTRNRCQYCRLQKCFEVGMSKESVRN,-1
449,RAKVAMSHFEPHEYIRYDLLEKNIDIVRKRLNRPLTLSEKIVYGHLDDPANQEIERGKTYLRLRPDRVAMQDATAQMAMLQFISSGLPKVAVPSTIHCDHLIEAQLGGEKDLRRAKDINQEVYNFLATAGAKYGVGFWRPGSGIIHQIILENYAYPGVLLIGTDSHTPNGGGLGGICIGVGGADAVDVMAGIPWELKCPKVIGVKLTGSLSGWTSPKDVILKVAGILTVKGGTGAIVEYHGPGVDSISCTGMATICNMGAEIGATTSVFPYNHRMKKYLSKTGRADIANLADEFKDHLVPDSGCHYDQLIEINLSELKPHINGPFTPDLAHPVAEVGSVAEKEGWPLDIRVGLIGSCTNSSYEDMGRSAAVAKQALAHGLKCKSQFTITPGSEQIRATIERDGYAQVLRDVGGIVLANACGPCIGQWDRKDIKKGEKNTIVTSYNRNFTGRNDANPETHAFVTSPEIVTALAIAGTLKFNPETDFLTGKDGKKFKLEAPDADELPRAEFDPGQDTYQHPPKDSSGQR,-1
450,VHQVLYRALVSTKWLAESVRAGKVGPGLRVLDASWYSPGTREARKEYLERHVPGASFFDIEECRDKASPYEVMLPSEAGFADYVGSLGISNDTHVVVYDGDDLGSFYAPRVWWMFRVFGHRTVSVLNGGFRNWLKEGHPVTSEPSRPEP,-1
451,MKIAIINMGNNVINFKTVPSSETIYLFKVISEMGLNVDIISLKNGVYTKSFDEVDVNDYDRLIVVNSNLAILSAQKFMAKYKSKIYYLFTDIRLPFSQSEEELLIKSPIKVISQGINLDIAKAAHKKVDNVIEFEYFPIEQYKIHMNDFQLSKPTKKTLDVIYGGSFRSGQRESKMVEFLFDTGLNIEFFGNAREKQFKNPKYPWTKAPVFTGKIPMNMVSEKNSQAIAALIIGDKNYNDNFITLRVWETMASDAVMLIDEEFDTKHRIINDARFYVNNRAELIDRVNELKHSDVLRKEMLSIQHDILNKTRAKKAEWQDAFKKAIDL,-1
452,SVGTSCIPGMAIPHNPLDSCRWYVSTRTCGVGPRLATQEMKARCCRQLEAIPAYCRCEAVRILMDGVVTSSGQHEGRLLQDLPGCPRQVQRAFAPKLVTEVECNLATIHGGPFCLSLLGAGE,-1
453,MLYGSSISAESMKVIAESIGVGSLSDDAAKELAEDVSIKLKRIVQDAAKFMNHAKRQKLSVRDIDMSLKV,-1
454,VVQGTVKPHASFNSREDAETLRKAMKGIGTDEKSITHILATRSNAQRQQIKTDYTTLFGKHLEDELKSELSGNYEAAALALLRKPDEFLAEQLHAAMKGLGTDENALIDILCTQSNAQIHAIKAAFKLLYKEDLEKEIISETSGNFQRLLVSMLQGGRKEDEPVNAAHAAEDAAAIYQAGEGQIGTDESRFNAVLATRSYPQLHQIFHEYSKISNKTILQAIENEFSGDIKNGLLAIVKSVENRFAYFAERLHHAMKGLGTSDKTLIRILVSRSEIDLANIKETFQAMYGKSLYEFIADDCSGDYKDLLLQITGH,-1
455,PVSEKQLAEVVANTITPLMKAQSVPGMAVAVIYQGKPHYYTFGKADIAANKPVTPQTLFELGSISKTFTGVLGGDAIARGEISLDDAVTRYWPQLTGKQWQGIRMLDLATYTAGGLPLQVPDEVTDNASLLRFYQNWQPQWKPGTTRLYANASIGLFGALAVKPSGMPYEQAMTTRVLKPLKLDHTWINVPKAEEAHYAWGYRDGKAVRVSPGMLDAQAYGVKTNVQDMANWVMANMAPENVADASLKQGIALAQSRYWRIGSMYQGLGWEMLNWPVEANTVVEGSDSKVALAPLPVAEVNPPAPPVKASWVHKTGSTGGFGSYVAFIPEKQIGIVMLANTSYPNPARVEAAYHILEAL,-1
456,MEGFLNRKHEWEAHNKKASSRSWHNVYCVINNQEMGFYKDAKSAASGIPYHSEVPVSLKEAICEVALDYKKKKHVFKLRLSDGNEYLFQAKDDEEMNTWIQAISSA,-1
457,LGPVTPEICKQDIVFDGIAQIRGEIFFFKDRFIWRTVTPRDKPMGPLLVATFWPELPEKIDAVYEAPQEEKAVFFAGNEYWIYSASTLERGYPKPLTSLGLPPDVQRVDAAFNWSKNKKTYIFAGDKFWRYNEVKKKMDPGFPKLIADAWNAIPDNLDAVVDLQGGGHSYFFKGAYYLKLENQSLKSVKFGSIKSDWLGC,-1
458,EAQTETCTVAPRERQNCGFPGVTPSQCANKGCCFDDTVRGVPWCFYPNTIDVPPEEESEF,-1
459,PVDFNGYWKMLSNENFEEYLRALDVNVALRKIANLLKPDKEIVQDGDHMIIRTLSTFRNYIMDFQVGKEFEEDLTGIDDRKCMTTVSWDGDKLQCVQKGEKEGRGWTQWIEGDELHLEMRAEGVTCKQVFKKVH,-1
460,RKFFVGGNWKMNGDKKSLGELIHTLNGAKLSADTEVVCGAPSIYLDFARQKLDAKIGVAAQNCYKVPKGAFTGEISPAMIKDIGAAWVILGHSERRHVFGESDELIGQKVAHALAEGLGVIACIGEKLDEREAGITEKVVFEQTKAIADNVKDWSKVVLAYEPVWAIGTGKTATPQQAQEVHEKLRGWLKTHVSDAVAQSTRIIYGGSVTGGNCKELASQHDVDGFLVGGASLKPEFVDIINAKH,-1
461,PKDAQVIMSILKELNVQEYEPRVVNQLLEFTFRYVTSILDDAKVYANHARKKTIDLDDVRLATEVTLD,-1
462,MERLSEDDPAAQALEYRHDASSVQHPAYEEGQTCLNCLLYTDASAQDWGPCSVFPGKLVSANGWCTAWVAR,-1
463,ADPYEIVIKQLERAAQYMEISEEALEFLKRPQRIVEVTIPVEMDDGSVKVFTGFRVQHNWARGPTKGGIRWHPEETLSTVKALAAWMTWKTAVMDLPYGGGKGGIIVDPKKLSDREKERLARGYIRAIYDVISPYEDIPAPDVYTNPQIMAWMMDEYETISRRKTPAFGIITGKPLSI,-1
464,ATLPAGASQVPTTPAGRPMPYAIRPMPEDRRFGYAIVGLGKYALNQILPGFAGCQHSRIEALVSGNAEKAKIVAAEYGVDPRKIYDYSNFDKIAKDPKIDAVYIILPNSLHAEFAIRAFKAGKHVMCEKPMATSVADCQRMIDAAKAANKKLMIGYRCHYXNQFSAQLDHLAEAVINNKPVRSPGEEGMQDVRLIQAIYEAARTGRPVNTDWGYVRQGGY,-1
465,CSCSSLMDKECVYFCHLDIIW,-1
466,DEPRILEAPAPDARRVYVNDPAHFAAVTQQFVIDGEAGRVIGMIDGGFLPNPVVADDGSFIAHASTVFSRIARGERTDYVEVFDPVTLLPTADIELPDAPRFLVGTYPWMTSLTPDGKTLLFYQFSPAPAVGVVDLEGKAFKRMLDVPDCYHIFPTAPDTFFMHCRDGSLAKVAFGTEGTPEITHTEVFHPEDEFLINHPAYSQKAGRLVWPTYTGKIHQIDLSSGDAKFLPAVEALTEAERADGWRPGGWQQVAYHRALDRIYLLVDQRDEWRHKTASRFVVVLDAKTGERLAKFEMGHEIDSINVSQDEKPLLYALSTGDKTLYIHDAESGEELRSVNQLGHGPQVITTADMG,-1
467,KPYMCEHEGCSKAFSNASDRAKHQNRTHSNE,-1
468,TCNIKNGRCKQFCKTGADSKVLCSCTTGYRLAPDQKSCKPAVPFPCGRVSVSHSPTTLTR,-1
469,GLTAAQIKAIQDHWFLNIKGCLQAAADSIFFKYLTAYPGDLAFFHKFSSVPLYGLRSNPAYKAQTLTVINYLDKVVDALGGNAGALMKAKVPSHDAMGITPKHFGQLLKLVGGVFQEEFSADPTTVAAWGDAAGVLVAAMK,-1
470,LSCSKCRKEMGQVEISSCTVDRDTVCGCRKNQYRHYWSENLFQC,-1
471,VSQEEVKKWAESLENLINHECGLAAFKAFLKSEYSEENIDFWISCEEYKKIKSPSKLSPKAKKIYNEFISVQATKEVNLDSCTREETSRNMLEPTITCFDEAQKKIFNLMEKDSYRRFLKSRFYLDLT,-1
472,SPCQKCTSGCKCATKEECSKTCTKPCSCCPK,-1
473,SLDRSSCFTGSLDSIRAQSGLGCNSFRY,-1
474,KHVVPNEVVVQRLFQVKGRR,-1
475,AGAGLDDPHKKEIAMELVSSAENSSLDWKAQYKYIEDIGDGRGYTGGIIGFCSGTGDMLELVQHYTDLEPGNILAKYLPALKKVNGSASHSGLGTPFTKDWATAAKDTVFQQAQNDERDRVYFDPAVSQAKADGLRALGQFAYYDAIVMHGPGNDPTSFGGIRKTAMKKARTPAQGGDETTYLNGFLDARKAAMLTEAAHDDTSRVDTEQRVFLKAGNLDLNPPLKWKTYGDPYVINS,-1
476,MLSDEDFKAVFGMTRSAFANLPLWKQQNLKKEKGLF,-1
477,MVKQIESKTAFQEALDAAGDKLVVVDFSATWCGPAKMIKPFFHSLSEKYSNVIFLEVDVDDAQDVASEAEVKATPTFQFFKKGQKVGEFSGANKEKLEATINELV,-1
478,GVQGSSGLAVFDYKFASTGINEVMAQKLGKETKAVTVVEDYLMDFNPDKQKAWFKLVYDPETTQILGAQLMSKADLTANINAISLAIQAKMTIEDLAYADFFFQPAFDKPWNIINTAALEAVKQER,-1
479,EPAFNYAEALQKSMFFYEAQRSGKLPENNRVSWRGDSGLNDGADVGLDLTGGWYDAGDHVKFGFPMAFTATMLAWGAIESPEGYIRSGQMPYLKDNLRWVNDYFIKAHPSPNVLYVQVGDGDADHKWWGPAEVMPMERPSFKVDPSCPGSDVAAETAAAMAASSIVFADDDPAYAATLVQHAKQLYTFADTYRGVYSDCVPAGAFYNSWSGYQDELVWGAYWLYKATGDDSYLAKAEYEYDFLSTEQQTDLRSYRWTIAWDDKSYGTYVLLAKETGKQKYIDDANRWLDYWTVGVNGQRVPYSPGGMAVLDTWGALRYAANTAFVALVYAKVIDDPVRKQRYHDFAVRQINYALGDNPRNSSYVVGFGNNPPRNPHHRTAHGSWTDSIASPAENRHVLYGALVGGPGSPNDAYTDDRQDYVANEVATDYNAGFSSALAMLVEEYGGTPLADFPPTEEPDG,-1
480,IKTRPNEVWQDQLILNKVSGGYRIENPTPYYVTVIGLGGSEKQAEEGEFETVMLSPRSEQTVKSANYNTPYLSYINDYGGRPVLSFICNGSRCSVKKEK,-1
481,RVHVCAECGKAFVESSKLKRHQLVHTGE,-1
482,APDTSVSNKQNFSTDVIYQIFTDRFSDGNPANNPTGAAFDGSCTNLRLYCGGDWQGIINKINDGYLTGMGITAIWISQPVENIYSVINYSGVNNTAYHGYWARDFKKTNPAYGTMQDFKNLIDTAHAHNIKVIIDFAPNHTSPASSDDPSFAENGRLYDNGNLLGGYTNDTQNLFHHYGGTDFSTIENGIYKNLYDLADLNHNNSSVDVYLKDAIKMWLDLGVDGIRVDAVKHMPFGWQKSFMATINNYKPVFTFGEWFLGVNEISPEYHQFANESGMSLLDFRFAQKARQVFRDNTDNMYGLKAMLEGSEVDYAQVNDQVTFIDNHDMERFHTSNGDRRKLEQALAFTLTSRGVPAIYYGSEQYMSGGNDPDNRARLPSFST,-1
483,LVKVPLVRKKSLRQNLIKDGKLKDFLKTHKHNPASKYFPEAAALIGDEPLENYLDTEYFGTIGIGTPAQDFTVIFDTGSSNLWVPSVYCSSLACSDHNQFNPDDSSTFEATSQELSITYGTGSMTGILGYDTVQVGGISDTNQIFGLSETEPGSFLYYAPFDGILGLAYPSISASGATPVFDNLWDQGLVSQDLFSVYLSGSVVLLGGIDSSYYTGSLNWVPVSVEGYWQITLDSITMDGETIACSGGCQAIVDTGTSLLTGPTSAIANIQSDIGASENSDGEMVISCSSIDSLPDIVFTIDGVQYPLSPSAYILQDDDSCTSGFEGMDVPTSSGELWILGDVFIRQYYTVFDRANNKVGLAPVA,-1
484,SLIQFETLIMKVAKKSGMFWYSNYGCYCGWGGQGRPQDATDRCCFVHDCCYGKVTGCDPKMDVYSFSEENGDIVCGGDDPCKKEICECDRAAAICFRDNLTLYNDKKYWAFGAKNCPQEESEPC,-1
485,APQFFNIIDGSPLNFDDAMEEGRDTEAVKHFLETGENVYNEDPEILPEAEELYAGMCSGCHGHYAEGKIGPGLNDAYWTYPGNETDVGLFSTLYGGATGQMGPMWGSLTLDEMLRTMAWVRHLYTGDPKDASWLTDEQKAGFTPFQP,-1
486,SIRSLGYMGFAVSDVAAWRSFLTQKLGLMEAGTTDNGDLFRIDSRAWRIAVQQGEVDDLAFAGYEVADAAGLAQMADKLKQAGIAVTTGDASLARRRGVTGLITFADPFGLPLEIYYGASEVFEKPFLPGA,-1
487,ACDYTCGSNCYSSSDVSTAQAAGYKLHEDGETVGSNSYPHKYNNYEGFDFSVSSPYYEWPILSSGDVYSGGSPGADRVVFNENNQLAGVITHTGASGNNFVECT,-1
488,GSSLEPPMLQALDIGPDVVSHQPGCLWLSWKPWKPSEYMEQECELRYQPQLKGANWTLVFHLPSSKDQFELCGLHQAPVYTLQMRCIRSSLPGFWSPWSPGLQLRPTMK,-1
489,SAPPGDPVEGKHLFHTICITCHTDIKGANKVGPSLYGVVGRHSGIEPGYNYSEANIKSGIVWTPDVLFKYIEHPQKIVPGTKMGYPGQPDPQKRADIIAYLETLK,-1
490,RTTGIVMDSGDGVTHTVPIYEGYALPHAILRLDLAGRDLTDYLMKILTERGYSFTTTAEREIVRDIKEKLCYVALDFEQEMATAASSSSLEKSYELPDGQVITIGNERFRCPEALFQPSFLGMESCGIHETTFNSIMKCDVDIRKDLYANTVLSGGTTMYPGIADRMQKEITALAPSTMKIKIIAPPERKYSVWIGGSILASLSTFQQMWISKQEYDESGPSIVHRKCF,-1
491,IGVCYGMSANNLPAASTVVSMFKSNGIKSMRLYAPNQAALQAVGGTGINVVVGAPNDVLSNLAASPAAAASWVKSNIQAYPKVSFRYVCVGNEVAGGATRNLVPAMKNVHGALVAAGLGHIKVTTSVSQAILGVFSPPSAGSFTGEAAAFMGPVVQFLARTNAPLMANIYPYLAWAYNPSAMDMGYALFNASGTVVRDGAYGYQNLFDTTVDAFYTAMGKHGGSSVKLVVSESGWPSGGGTAATPANARFYNQHLINHVGRGTPRHPGAIETYIFAMFNENQKDSGVEQNWGLFYPNMQHVYPINF,-1
492,GGDLGKDLTQAWAVAMALGVEDKVTVPLFEGVQKTQTIRSASDIRDVFINAGIKGEEYDAAWNS,-1
493,VTTLDIIRSNTFVAELKGKQPGEVEVPVIGGHSGVTILPLLSQVPGVSFTEQEVADLTKRIQNAGTEVVEAKAGGGSATLSMGQAAARFGLSLVRALQGEQGVVECAYVEGDGQYARFFSQPLLLGKNGVEERKSIGTLSAFEQNALEGMLDTLKKDIALGQEFVNK,-1
494,GICPRFAHVIENLLLGTPSSYETSLKEFEPDDTMKDAGMQMKKVLDSLPQTTRENIMKLTEKIVKSPLCM,-1
495,YTPIDISLSLTQFLLSEFVPGAGFVLGLVDIIWGIFGPSQWDAFLVQIEQLINQRIEEFARNQAISRLEGLSNLYQIYAESFREWEADPTNPALREEMRIQFNDMNSALTTAIPLLAVQNYQVPLLSVYVQAANLHLSVLRDVSVFGQRWGFDAATINSRYNDLTRLIGNYTDYAVRWYNTGLERVWGPDSRDWVRYNQFRRELTLTVLDIVALFSNYDSRRY,-1
496,VSCTGSKDCYAPCRKQTGCPNAKCINKSCKCYGC,-1
497,PCSAFEFHCLSGECIHSSWRCDGGPDCKDKSDEENCA,-1
498,AEQVDPRDEKVANLEAQLAEAQTRERDGILRVKAEMENLRRRTELDIEKAHKFALEKFINELLPVIDSLDRALEVAMSAMVEDIELTLKSMLDVVRKFG,-1
499,YIKGIYFDLYGTLFDVHSVVGRCDEYFPGRGREISYLWRQKQLEYTWLRSLMNRYVNFQQYTEDYLRFTCRHLGLDLDYRTRSTLCDYYLRLYPFSEVPDSLRELKRRGLKLYILSNGSPQSIDYVVSHYGLRDGFDHLLSVDPVQVYKPDNRVYELYEQYLGLDRSYILFVSSNYWDYTGYRYFGFPTCWINRTGNVFEEMGQTPDWEVTSLRYVVELF,-1
500,MELKRKTTNADRRKAATMRERRRLSKVNEAFETLKRSTSSNPNQRLPKVEILRNAIRYIEGLQALLRD,-1
501,YNRLCIKPRDWIDECDSNEGGERAYFRNGKGGCDSFWICPEDHTGADYYSSYRDCFNACI,-1
502,FDTNIVTLTRFVMEQGRKARGTGEMTQLLNSLCTAVKAISTAVRKAGIAKLDVLSNDLVINVLKSSFATCVLVTEEDKNAIIVEPEKRGKYVVCFDPLDGSSNIDCLVSIGTIFGIYRKNSTDEPSEKDALQPGRNLVAAGYALYGSATMLVLAMVNGVNCFMLDPAIGEFILVDRNVKIKKKGSIYSINEGYAKEFDPAITEYIQRKKFPPDNSAPYGARYVGSMVADVHRTLVYGGIFMYPANKKSPKGKLRLLYECNPMAYVMEKAGGLATTGKEAVLDIVPTDIHQRAPIILGSPEDVTELLEIYQKHA,-1
503,MYEEFLSKVSILESLDKWERLTVADALEPVQFEDGQKIVVQGEPGDEFFIILEGSAAVLQRRSENEEFVEVGRLGPSDYFGEIALLMNRPRAATVVARGPLKCVKLDRPRFERVLGPCSDILKRNIQQYNSFVS,-1
504,GSNMSYPPHMQVLLPALSPTMTMGTVQRWEKKVGEKLSEGDLLAEIETDKATIGFEVQEEGYLAKILVPEGTRDVPLGTPLCIIVEKEADISAFADYRPTEVTDLK,-1
505,DDDIAALVVDNGSGMCKAGFAGDDAPRAVFPSIVGRPRHQGVMVGMGQKDSYVGDEAQSKRGILTLKYPIEHGIVTNWDDMEKIWHHTFYNELRVAPEEHPVLLTEAPLNPKANREKMTQIMFETFNTPAMYVAIQAVLSLYASG,-1
506,KKIVVSTKYLQQLQKDLNDKTEENNRLKALLLER,-1
507,CIAEDYGKCTWGGTKCCRGRPCRCSMIGTNCECTP,-1
508,DVSGTVCLSALPPEATDTLNLIASDGPFPYSQDGVVFQNRESVLPTQSYGYYHEYTVITPGARTRGTRRIICGEATQEDYYTGDHYATFSLIDQTC,-1
509,MTDKIAVLLGGTSAEREVSLNSGAAVLAGLREGGIDAYPVDPKEVDVTQLKSMGFQKVFIALHGRGGEDGTLQGMLELMGLPYTGSGVMASALSMD,-1
510,AYKIADSCVSCGACASECPVNAISQGDSIFVIDADTCIDCGNCANVCPVGAPVQE,-1
511,VREVCSEQAETGPCRAMISRWYFDVTEGKCAPFFYGGCGGNRNNFDTEEYCMAVCG,-1
512,YDLIPAVIYTHPEIAGVGKTEQALKAEGVAINVGVFPFAASGRAMAANDTAGFVKVIADAKTDRVLGVHVIGPSAAELVQQGAIAMEFGTSAEDLGMMVFAHPALSEALHEAALAVSGHAIHVA,-1
513,DQEVRYRQRYLDLIANDKSRQTFVVRSKILAAIRQFMVARGFMEVETPMMQVIPGGASARPFITHHNALDLDMYLRIAPELYLKRLVVGGFERVFEINRNFRNEGISVRHNPEFTMMELYMAYADYHDLIELTESLFRTLAQEVLGTTKVTYGEHVFDFGKPFEKLTMREAIKKYRPETDMADLDNFDAAKALAESIGITVEKSWGLGRIVTEIFDEVAEAHLIQPTFITEYPAEVSPLARRNDVNPEITDRFEFFIGGREIGNGFSELNDAEDQAERFQEQVNAKAAGDDEAMFYDEDYVTALEYGLPPTAGLGIGIDRMIMLFTNSHTIRDVILFPAMRP,-1
514,GLPTMNTPGSCQFLTSDDFQSPSAMPQYDVTPEMRIPGEVKNLMEIAEVDSVVPVQNVGEKVNSMEAYQIPVRSNEGSGTQVFGFPLQPGYSSVFSRTLLGEILNYYTHWSGSIKLTFMFCGSAMATGKFLLAYSPPGAGAPTKRVDAMLGTHVVWDVGLQSSCVLCIPWISQTHYRYVASDEYTAGGFITCWYQTNIVVPADAQSSCYIMCFVSACNDFSVRLLKDTPFISQENFFQ,-1
515,DPMTCEQAMASCEHTMCGYCQGPLYMTCIGITTDPECGLP,-1
516,LGINCRGSSQCGLSGGNLMVRIRDQACGNQGQTWCPGERRAKVCGTGNSISAYVQSTNNCISGTEACRHLTNLVNHGCRVCGSDPLYAGNDVSRGQLTVNYVNSC,-1
517,MSPILGYWKIKGLVQPTRLLLEYLEEKYEEHLYERDEGDKWRNKKFELGLEFPNLPYYIDGDVKLTQSMAIIRYIADKHN,-1
518,RPYHCSYCNFSFKTKGNLTKHMKSKAHSKK,-1
519,TSPQREATCTSEVSGCPKIYNPVCGTDGITYSNECVLCSENKKRQTPVLIQKSGPC,-1
520,NALRDYAEARGIKIGTCVNYPFYNNSDPTYNSILQREFSMVVCENEMKFDALQPRQNVFDFSKGDQLLAFAERNGMQMRGHTLIWHNQNPSWLTNGNWNRDSLLAVMKNHITTVMTHYKGKIVEWDVANECMDDSGNGLRSSIWRNVIGQDYLDYAFRYAREADPDALLFYNDYNIEDLGPKSNAVFNMIKSMKERGVPIDGVGFQCHFINGMSPEYLASIDQNIKRYAEIGVIVSFTEIDIRIPQSENPATAFQVQANNYKELMKICLANPNCNTFVMWGFTDKYTWIPGTFPGYGNPLIYDSNYNPKPAYNAIKEALM,-1
521,KTYQCQYCEKRFADSSNLKTHIKTKHSKEK,-1
522,DKPTKITGNWTASGATHCDAVTGLGKPFVVYMYGVFMAEVTVDVATGQTTVDGMTLMADLGSLCNQLATDGQIYGGLAQGIGLALSEDFEDIKKHATLVGAGFPFIKQIPDKLDIVYVNHPRPDGPFGASGVGELPLTSPHAAIINAIKSATGVRIYRLPAYPEKVLEALKA,-1
523,YASANNYQTPLLPEPDVQAVTRLTQTLLAAERPLIYYGIGARKAGKELEQLSKTLKIPLMSTYPAKGIVADRYPAYLGSANRVAQKPANEALAQADVVLFVGNNYPFAEVSKAFKNTRYFLQIDIDPAKLGKRHKTDIAVLADAQKTLAAILAQVSERESTPWWQANLANVKNWRAYLASLED,-1
524,CAEGVGMNYRGNVSVTRSGIECQLWRSRYPHKPEINSTTHPGADLRENFCRNPDGSITGPWCYTTSPTLRREECSVPVCG,-1
525,NFYGELVDLGVKEKLIEKAGAWYSYKGEKIGQGKANATAWLKDNPETAKEIEKKVRELLL,-1
526,NNTLYFYNWTEYVPPGLLEQFTKETGIKVIYSTYESNETMYAKLKTYKDGAYDLVVPSTYYVDKMRKEGMIQKIDKSKLTNFSNLDPDMLNKPFDPNNDYSIPYIWGATAIGVNGDAVDPKSVTSWADLWKPEYKGSLLLTDDAREVFQMALRKLGYSGNTTDPKEIEAAYNELKKLMPNVAAFNSDNPANPYMEGEVNLGMIWNGSAFVARQAGTPIDVVWPKEGGIFWMDSLAIPANAKNKEGALKLINFLLRPDVAKQVAETIGYPTPNLAARKLLSPEVANDKTLYPDAETIKNGEWQNDVGAASSIYEEYYQKLKAG,-1
527,GHKIKGTVVLMRKNVLDVNSVTSVTLDTLTAFLGRSVSLQLISATKADANGKGKLGKATFLEGIITSLPTLGAGQSAFKINFEWDDGSGIPGAFYIKNFMQTEFFLVSLTLEDIPNHGSIHFVCNSWI,-1
528,GPGLGVRVLGEVKKEYCDLLRRADAIFIEELRKADLYDKVSQAFTVFLPVRSVGVMGDGRKYDWVVSLRAVETIDFMTAHWAHLPYDFLGRVSNRIINEVNGISRVVYDISGKPPATIEWE,-1
529,FVNQHLCGSHLVEALYLVCGERGFFYTPKAXGIVEQCCTSICSLYQLENYCN,-1
530,MTHDNKLQVEAIKRGTVIDHIPAQIGFKLLSLFKLTETDQRITIGLNLPSGEMGRKDLIKIENTFLSEDQVDQLALYAPQATVNRIDNYEVVGKSRPSLP,-1
531,LTRAHLTEVESRLERL,-1
532,STNDNIKDLLDWYSSGSDTFTNSEVLDNSLGSMRIKNTDGSISLIIFPSPYYSPAFTKGEKVDLNTKRTKKSQHTSEGTYIHFQISGVTNTEK,-1
533,NQASVVANQLIPINTALTLVMMRSEVVTPVGIPAEDIPRLVSMQVNRAVPLGTTLMPDMVKGYAA,-1
534,IQNPEPAVYALKDPRSQDSTLCLFTDFDSQINVPKTMESGTFITDATVLDMKAMDSKSNGAIAWSNQTSFTCQDIFKETNATYPSSDVPC,-1
535,SENLKDEILEKYIPKTKKTRSGHIVIKTEETPNPEIVANTRTVPGIITARGCAYAGCKGVVMGPIKDMVHITHGPIGCSFYTWGGRRFKSKPENGTGLNFNEYVFSTDMQESDIVFGGVNKLKDAIHEAYEMFHPAAIGVYATCPVGLIGDDILAVAATASKEIGIPVHAFSCEGYKGVSQSAGHHIANNTVMTDIIGKGNKEQKKYSINVLGEYNIGGDAWEMDRVLEKIGYHVNATLTGDATYEKVQNADKADLNLVQCHRSINYIAEMMETKYGIPWIKCNFIGVDGIVETLRDMAKCFDDPELTKRTEEVIAEEIAAIQDDLDYFKEKLQGKTACLYVGGSRSHTYMNMLKSFGVDSLVAGFEFAHRDDYEGREVIPTIKIDADSKNIPEITVTPDEQKYRVVIPEDKVEELKKAGVPLSAYGGMMKEMHDGTILIDDMNHHDMEVVLEKLKPDMFFAGIKEKFVIQKGGVLSKQLHSYDYNGPYAGFRGVVNFGHELVNGIYTPAWKMITPPWKKASSES,-1
536,VSCEDCPEHCSTQKAQAKCDNDKCVCEPI,-1
537,AIEVKLANMEAEINTLKSKLELTNKLHAFSMG,-1
538,DEVAVKMLNSGPGGMMVFDPALVRLKPGDSIKFLPTDKGHNVETIKGMAPDGADYVKTTVGQEAVVKFDKEGVYGFKCAPHYMMGMVALVVVGDKRDNLEAAKSVQHNKLTQKRLDPLFAQIQ,-1
539,ALCNCNRIIIPHMCWKKCGKK,-1
540,RPYVCPFDGCNKKFAQSTNLKSHILTHA,-1
541,TDECSVGNPCGNGTCKNVIGGFECTCEEGFEPGPMMTCE,-1
542,AKALIVYGSTTGNTEYTAETIARELADAGYEVDSRDAASVEAGGLFEGFDLVLLGCSTWGDDSIELQDDFIPLFDSLEETGAQGRKVACFGCGDSSYEYFCGAVDAIEEKLKNLGAEIVQDGLRIDGDPRAARDDIVGWAHDVRGAI,-1
543,IVQDVPNAPKLTGITCQADKAEIHWEQQGDNRSPILHYTIQFNTSFTPASWDAAYEKVPNTDSSFVVQMSPWANYTFRVIAFNKIGASPPSAHSDSCTTQ,-1
544,GSRRASVGSMEAIAKYDFKATADDELSFKRGDILKVLNEECDQNWYKAELNGKDGFIPKNYIEMKPHPEFIVTD,-1
545,LYGKDIKERALIDMYIEGIADLGEMILLLPVCPPEEKDAKLALIKEKIKNRYFPAFEKVLKSHGQDYLVGNKLSRADIHLVELLYYVEELDSSLISSFPLLKALKTRISNLPTVKKFLQPGSPRKPPMDEKSLEEARKIFRF,-1
546,NSYPGCPSSYDGYCLNGGVCMHIESLDSYTCNCVIGYSGDRCQTRDLRWWELR,-1
547,LTYYTPEYQTKDTDILAAFRVTPQPGVPPEEAGAAVAAESSTVWTDGLTSLDRYKGRCYRIERVVGEKDQYIAYVAYPLDLFEEGSVTNMFTSIVGNVFGFKALRALRLEDLRIPPAYVKT,-1
548,AGLSPEEQIETRQAGYEFMGWNMGKIKANLEGEYNAAQVEAAANVIAAIANSGMGALYGPGTDKNVGDVKTRVKPEFFQNMEDVGKIAREFVGAANTLAEVAATGEAEAVKTAFGDVGAACKSCHEKYRAK,-1
549,RMKQIEDKLEEILSKLYHIENELARIKKLLG,-1
550,RKRMRNRIAASKSRKRKLERIARLEEKVKTLKAQNSELASTANMLREQVAQLKQKVM,-1
551,AQCSVDIQGNDQMQFNTNAITVDKSCKQFTVNLSLPGNLPKNVMGHNWVLSTAADMQGVVTDGMASGLDKDYLKPDDSRVIAHTKLIGSGEKDSVTFDVSKLKEGEQYMFFCTFPGHSALMKGTLTLK,-1
552,ITAKPAKTPTSPKEQAIGLSVTFLSFLLPAGWVLYHLDNYKKS,-1
553,PITKEEKQKVIQEFARFPGDTGSTEVQVALLTLRINRLSEHLKVHKKDHHSHRGLLMMVGQRRRLLRYLQREDPERYRALIEKLGIRG,-1
554,CKSXGSSCSXTSYNCCRSCNXYTKRCY,-1
555,QSEVEFTLPQATMKRLIEATQFSMAHQDVRYYLNGMLFETEGEELRTVATDGHRLAVCSMPIGQSLPSHSVIVPRKGVIELMRMLDGGDNPLRVQIGSNNIRAHVGDFIFTSKLVDGRFPDY,-1
556,RPQVPLRPMTYKAAVDLSHFLKEKGGLEGLIHSQRRQDILDLWIYHTQGYFPDWQNYTPGPGVRYPLTFGWCYKLVPVREVLEWRFDSRLAFHHVARELHPEYF,-1
557,GRIHCRLVAKKELSRDVRLFRFSLPSPDQVLGLPIGKHIFVCATIEGKLCMRAYTPTSMVDEIGHFDLLVKVYFKNEHPKFPNGGLMTQYLDSLPVGSYIDVKGPLGHVEYTGR,-1
558,SQFRVSPLDRTWNLGETVELKCQVLLSNPTSGCSWLFQPRGAAASPTFLLYLSQNKPKAAEGLDTQRFSGKRLGDTFVLTLSDFRRENEGYYFCSALSNSIMYFSHFVPVFLPA,-1
559,CQCNDNIDPNAVGNCNRLTGECLKCIYNTAGFYCDRCKEGFFGNPLAPNPADKCKA,-1
560,APGVTVTPATGLSNGQTVTVSATGLTPGTVYHVGQCAVVEPGVIGCDATTSTDVTADAAGKITAQLKVHSSFQAVVGADGTPWGTVNCKVVSCSAGLGSDSGEGAAQAITFA,-1
561,KDGDQCEGHPCLNQGHCKDGIGDYTCTCAEGFEGKNCEFSTR,-1
562,VTVATAEIAMLLLLGSARRAGEGEKMIRTRSWPGWEPLELVGEKLDNKTLGIYGFGSIGQALAKRAQGFDMDIDYFDTHRASSSDEASYQATFHDSLDSLLSVSQFFSLNAPSTPETRYFFNKATIKSLPQGAIVVNTARGDLVDNELVVAALEAGRLAYAGFDVFAGEPNINEGYYDLPNTFLFPHIGSA,-1
563,HKCDITLQEIIKTLNSLTEQKTLCTELTVTDIFAASKNTTEKETFCRAATVLRQFYSHHEKDTRCLGATAQQFHRHKQLIRFLKRLDRNLWGLAGLNSCPVKEANQSTLENFLERLKTIMREKYSKCSS,-1
564,AKQRESTDAIFVHCSATKPSQNVGVREIRQWHKEQGWLDVGYHFIIKRDGTVEAGRDEMAVGSHAKGYNHNSIGVCLVGGIDDKGKFDANFTPAQMQSLRSLLVTLLAKYEGAVLRAHHEVAPKACPSFDLKRWWEKNELVTSDRG,-1
565,MKRYICSFADCGAAYNKNWKLQAHLSKHTGE,-1
566,MKSPEELKGIFEKYAAKEGDPNQLSKEELKLLLQTEFPSLLKGPSTLDELFEELDKNGDGEVSFEEFQVLVKKISQ,-1
567,VCRDWFKETACRHAKSLGNCRTSQKYRANCAKTCELC,-1
568,ASAGVAVTNLNLKPGHCVEIKGSIPPDCKGFAVNLGEDASNFLLHFNARFDLHGDVNKIVCNSKEADAWGSEQREGVFPFQQGAEVMVCFEYQTDKIIIKFSSGDQFSFPVRKVLPSIPFLSLEGLQFKSITTE,-1
569,RREGYPLVEPLGLVKLAPEDGQVYELPYPKTFVLPHGGTVTVPRRRPETRELKLAQTDGFEGAPLQPTGNPLVDAVGPASYAERAEVVDATVDGKAKIVPLRVATDFSIAEGDVDPRGLPVVAADGVEAGTVTDLWVDRSEHYFRYLELSVAGSARTALIPLGFCDVKKDKIVVTSILSEQFANVPRLQSRDQITLREEDKVSAYYAGGLLYATPERAESLL,-1
570,MQRGNFRNQRKIIKCFNCGKEGHIAKNCRAPRKRGCWKCGKEGHQMKDCTERQAN,-1
571,KAIKAWTGYSVSKWTASCAAAEAKVTSAITISLPNELSSERNKQLKVGRVLLWLGLLPSVSGTVKSCVTETQTTAAASFQVALAVADNSKDVVAAMYPEAFKGITLEQLAADLTIYLYSSAALTEGDVIVHLEVEHVRPTFDDSFTPVY,-1
572,SPIPVTIREHAGTWYSTLPDSTVPIYGKTPVAPANYMVGEYKDFLEIAQIPTFIGNKVPNAVPYIEASNTAVKTQPLAVYQVTLSCSCLANTFLAALSRNFAQYRGSLVYTFVFTGTAMMKGKFLIAYTPPGAGKPTSRDQAMQATYAIWDLGLNSSYSFTVPFISPTHFRMVGTDQANITNVDGWVTVWQLTPLTYPPGCPTSAKILTMVSAGKDFSLKMPISPAPWSPQ,-1
573,AFVVTDNCIKCKYTDCVEVAPVDCFYEGPNFLVIHPDECIDCALCEPECPAQAIFSEDEVPEDMQEFIQLNAELAEVWPNITEKKDPLPDAEDWDGVKGKLQHLER,-1
574,PTAMLTKAVYADTEGFVSEMDTRALGMAVVAMGGGRRQASDTIDYSVGFTDMARLGDQVDGQRPLAVIHAKDENNWQEAAKAVKAAIKLADKAPESTPTVYRRISE,-1
575,XRCGEQGSGMECPNNLCCSQYGYCGMGGDYCGKGCQNGACWTSKRCGSQAGG,-1
576,VDSVYRTRSLGVAAEGIPDQYADGEAARVWQLYIGDTRSRTAEYKAWLLGLLRQHGCHRVLDVACGTGVDSIMLVEEGFSVTSVDASDKMLKYALKERWNRRKEPAFDKWVIEEANWLTLDKDVPAGDGFDAVICLGNSFAHLPDSKGDQSEHRLALKNIASMVRPGGLLVIDHRNYDYILSTGCAPPGKNIYYKSDLTKDITTSVLTVNNKAHMVTLDYTVQVPGAGRDGAPGFSKFRLSYYPHCLASFTELVQEAFGGRCQHSVLGDFKPYRPGQAYVPCYFIHVLKKTG,-1
577,WCYEVQAESSNYPCLVPVKWGGNCQKDRQSPINIVTTKAKVDKKLGRFFFSGYDKKQTWTVQNNGHSVMMLLENKASISGGGLPAPYQAKQLHLHWSDLPYKGSEHSLDGEHFAMEMHIVHEKEKGTSRNVKEAQDPEDEIAVLAFLVEAGTQVNEGFQPLVEALSNIPKPEMSTTMAESSLLDLLPKEEKLRHYFRYLGSLTTPTCDEKVVWTVFREPIQLHREQILAFSQKLYYDKEQTVSMKDNVRPLQQLGQRTVIKS,-1
578,HTDLSGKVFVFPRESVTDHVNLITPLEKPLQNFTLCFRAYSDLSRAYSLFSYNTQGRDNELLVYKERVGEYSLYIGRHKVTSKVIEKFPAPVHICVSWESSSGIAEFWINGTPLVKKGLRQGYFVEAQPKIVLGQEQDSYGGKFDRSQSFVGEIGDLYMWDSVLPPENILSAYQGTPLPANILDWQALNYEIRGYVIIKPLVWV,-1
579,KPFQCTFEGCGKRFSLDFNLRTHVRIHTGD,-1
580,EGLPCKSPPEISHGVVAHMSDSYQYGEEVTYKCFEGFGIDGPAIAKCLGEKWSHPPSCI,-1
581,ASATWGAAYACENNCRKKYDLCIRCQGKWAGKRGKCAAHCIIQKNNCKGKCKKE,-1
582,DQLICVNENGGCEQYCSDHTGTKRSCRCHEGYSLLADGVSCTPTVEYPCGKIPILE,-1
583,MFKVYGYDSNIHKCGPCDNAKRLLTVKKQPFEFINIMPEKGVFDDEKIAELLTKLGRDTQIGLTMPQVFAPDGSHIGGFDQLREYFK,-1
584,EGGEPCACPHALHRVCGSDGETYSNPCTLNCAKFNGKPELVKVHDGPCEPD,-1
585,VRSLNCTLRDSQQKSLVMSGPYELKALHLQGQDMEQQVVFSMSFVQGEESNDKIPVALGLKEKNLYLSCVLKDDKPTLQLESVDPKNYPKKKMEKRFVFNKIEINNKLEFESAQFPNWYISTSQAENMPVFLGGTKGGQDITDFTMQFVSS,-1
586,FNDELRNRREKLAALRQQGVAFPNDFRRDHTSDQLHEEFDAKDNQELESLNIEVSVAGRMMTRRIMGKASFVTLQDVGGRIQLYVARDSLPEGVYNDQFKKWDLGDIIGARGTLFKTQTGELSIHCTELRLLTKALRPLP,-1
587,QFAFVFPGQGSQTVGMLADMAASYPIVEETFAEASAALGYDLWALTQQGPAEELNKTWQTQPALLTASVALYRVWQQQGGKAPAMMAGHSLGEYSALVCAGVIDFADAVRLVEMRGKFMQEAVPEXVPSHCALMKPAADKLAVELAKITFNAPTVPVVNNVDVKCETNGDAIRDALVRQLYNPVQWTKSVEYMAAQGVEHLYEVGPGKVLTGLTKRIVDTLTASALNEPSAMAAAL,-1
588,GTLDTTWKEATLPQVKAMLEKDTGKVSGDTVTYSGKTVHVVAAAVLPGFPFPSFEVHDKKNPTLEIPAGATVDVTFINTNKGFGHSFDITKKGPPYAVMPVIDPIVAGTGFSPVPKDGKFGYTDFTWHPTAGTYYYVCQIPGHAATGMFGKIVVK,-1
589,EFPLDKRAKSFILVAGGIGITPMLSMARQLRAEGLRSFRLYYLTRDPEGTAFFDELTSDEWRSDVKIHHDHGDPTKAFDFWSVFEKSKPAQHVYCCGPQALMDTVRDMTGHWPSGTVHFE,-1
590,EPGSGIGYPYDNNTLPYVAPGPTDSRAPCPALNALANHGYIPHDGRAISRETLQNAFLNHMGIANSVIELALTNAFVVCEYVTGSDCGDSLVNLTLLAEPHAFEHDHSFSRKDYKQGVA,-1
591,VNPCCYYPCQHQGICVRFGLDRYQCDCTRTGYSGPNCTIPE,-1
592,KEGICLIDFSQIALSTALVNFPDKEKINLSMVRHLILNSIKFNVKKAKTLGYTKIVLCIDNAKSGYWRRDFAYYYKKTWDWEGYFESSHKVIDELKAYMPYIVMDIDKYEADDHIAVLVKKFSLEGHKILIISSDGDFTQLHKYPNVKQWSPMHKKWVKIGSAEIDCMTKILKGDKKDNVASVKVRSDFWFTRVEGERTPSMKTSIVEAIANDREQAKVLLTESEYNRYKENLVLIDFDYIPDNIASNIVNYYNSYKLPPRGKIYSYFVKAGLSKLTNSINEF,-1
593,CSCKDMTDKECLYFCHQDVIW,-1
594,TIKDVAKRANVSTTTVSHVINKTRFVAEETRNAVWAAIKELHYSPSAVARSLKVNH,-1
595,IAIASGKGGTGKTTISANLAVALAKFGKKVAVLDA,1
596,MEVEKEFITDEAKELLSKDKLIQQAYNEVKTSICSPIWPATSKTFTINNTEKNCNGVVPIKELCYTLLEDTYNWYREKPIDVYKEFIENSELKRVGMEFETGNISSAHRSMNKLLLGLKHGEIDLAIILMPIKQLAYYLTDRVTNFEELEPYFELTEGQPFIFIGFNAEAYNSNVPLIPKGSDGMSKRSIKKWKDKVENK,-1
597,GYYELYRRSTIGNSLVDALDTLISDGRIEASLAMRVLETFDKVVAETLKD,-1
598,NLRGVMAALLTPFDQQQALDKASLRRLVQFNIQQGIDGLYVGGSTGEAFVQSLSEREQVLEIVAEEGKGKIKLIAHVGCVTTAESQQLAASAKRYGFDAVSAVTPFYYPFSFEEHCDHYRAIIDSADGLPMVVYNIPALSGVKLTLDQINTLVTLPGVGALKQTSGDLYQMEQIRREHPDLVLYNGYDEIFASGLLAGADGGIGSTYNIMGWRYQGIVKALKEGDIQTAQKLQTECNKVIDLLIKTGVFRGLKTVLHYMDVVSVPLCRKPFGPVDEKYQPELKALAQQLMQ,-1
599,VIAFGKFKLNLGTREMFREDEPMPLTSGEFAVLKALVSHPREPLSRDKLMNLARGREYSAMERSIDVQISRLRRMVEEDPAHPRYIQTVWGLGYVFVPD,-1
600,VVSHFNDCPDSHTQFCFHGTCRFLVQEDKPACVCHSGYVGARCEHADLLA,-1
601,RRVLPKNPDKHLEAGCDLLKQAFARAAILSNEKFRGVRLYVSENQLKITANNPEQEEAEEILDVTYSGAEMEIGFNVSYVLDVLNALKCENVRMMLTDSVSSVQIEDAASQSAAYVVMPMRL,-1
602,NRCNDQDTRTSYRIGDTWSKKDNRGNLLQCICTGNGRGEWKCERHTS,-1
603,MLMPKDPNATIIMLGTGTGIAPFRSFLWKMFFEKHDDYKFNGLAWLFLGVPTSSSLLYKEEFEKMKEKAPDNFRLDFAVSREQTNEKGEKMYIQTRMAQYAVELWEMLKKDNTYVYMCGLKGMEKGIDDIMVSLAAAEGIDWIEYKRQLKKAEQWNVEVY,-1
604,CLGIGSCNDFAGCGYAVVCFW,-1
605,MTKQEKTALNMARFIRSQTLTLLEKLNELADAADEQADICESLHDHADELYRSCLARFGDD,-1
606,PLRDSVKQALKNYFAQLNGQDVNDLYELVLAEVEQALLDMVMQYTRGNQTRAALMMGINRGTLRKKLKKYGMN,-1
607,CKGKGAKCSRLMYDCCTGSCRSGKC,-1
608,AAILGDEYLWSGGVIPYTFAGVSGADQSAILSGMQELEEKTCIRFVPRTTESDYVEIFTSGSGCWSYVGRISGAQQVSLQANGCVYHGTIIHELMHAIGFYHEHTRMDRDNYVTINYQNVDPSMTSNFDIDTYSRYVGEDYQYYSIMHYGKYSFSIQWGVLETIVPLQNGIDLTDPYDKAHMLQTDANQINNLYTNECSL,-1
609,SSLRLPSAAELSGQWVLSGAEQHCDIRLNTDVLDGTTWKLAGDTACLQKLLPEAPVGWRPTPDGLTLTQADGSAVAFFSRNRDRYEHKLVDGSVRTLKKK,-1
610,DLVDTTEMYLRTIYELEEEGVTPLRARIAERLEQSGPTVSQTVARMERDGLVVVASDRSLQM,-1
611,MEGEIDIAKRIEDGINQVQCSVAEYPEAITYLLEQYNRVEAEEARLSDLITGFVDDLAPTATHVGSELSQEDLDIDPELAREKFAELRAQYVVTRDTIKAHATAQEEILKLSEVFKQFRLVPKQFDYLVNSMRVMMDRVRTQERLIMKLCVEQCKMPKKNFITLFTGNETSDTWFNAAIAMNKPWSEKLHDVSEEVHRALQKLQQIEEETGLTIEQVKDINRRMSIGEAKARRAKKEMVEANLRLVISIAKKYTNRGLQFLDLIQEGNIGLMKAVDKFEYRRGYKFSTYATWWIRQAITRSIADQ,-1
612,GENKVCGLTRGQDAKAAYDAGAIYGGLIFVATSPRCVNVEQAQEVMAAAPLQYVGVFRNHDIADVVDKAKVLSLAAVQLHGNEEQLYIDTLREALPAHVAIWKALSVGETLPAREFQHVDKYVLDNGQGGSGQRFDWSLLNGQSLGNVLLAGGLGADNCVEAAQTGCAGLDFNSAVESQPGIKDARLLASVFQTLRAY,-1
613,EPKFTKCRSPERETFSCHWTDEVHGPIQLFYTRRNEWTQEWKECPDYVSAGENSCYFNSSFTSIWIPYCIKLTSNGGTVDEKCFSVDEIVQ,-1
614,MPPITQQATVTAWLPQVDASQITGTISSLESFTNRFYTTTSGAQASDWIASEWQALSASLPNASVKQVSHSGYNQKSVVMTITGSEAPDEWIVIGGHLDSTIGSHTNEQSVAPGADDDASGIAAVTEVIRVLSENNFQPKRSIAFMAYAAEEVGLRGSQDLANQYKSEGKNVVSALQLDMTNYKGSAQDVVFITDYTDSNFTQYLTQLMDEYLPSLTYGFDTCGYACSDHASWHNAGYPAAMPFESKFNDYNPRIHTTQDTLANSDPTGSHAKKFTQLGLAYAIEMGSATG,-1
615,MDEKRRAQHNEVERRRRDKINNWIVQLSKIIPDSSMESTKSGQSKGGILSKASDYIQELRQSNHR,-1
616,KARSFGGSLVRPEATGYGSVYYVEAVMKHENDTLVGKTVALAGFGNVAWGAAKKLAELGAKAVTLSGPDGYIYDPEGITTEEKINYMLEMRASGRNKVQDYADKFGVQFFPGEKPWGQKVDIIMPCATQNDVDLEQAKKIVANNVKYYIEVANMPTTNEALRFLMQQPNMVVAPSKAVNAGGVLVSGFEMSQNSERLSWTAEEVDSKLHQVMTDIHDGSAAAAERYGLGYNLVAGANIVGFQKIADAMMAQGIAW,-1
617,NSCTHFPGNLPNMLRDLRDAFSRVKTFFQMKDQLDNLLLKESLLEDFKGYLGCQALSEMIQFYLEEVMPQAENQDPDIKAHVNSLGENLKTLRLRLRRCHRFLPCENKSKAVEQVKNAFNKLQEKGIYKAMSEFDIFINYIEAYMTMKIRN,-1
618,YNSGKLFVRGNLRCIKCSFARVFNTKTNFWKQYV,-1
619,ETDCRWDGCSQEFDSQEQLVHHINSEHIHGER,-1
620,MRVNNGLTPQELEAYGISDVHDIVYNPSYDLLYQEELDPSLTGYERGVLTNLGAVAVDTGIFTGRSPKDKYIVRDDTTRDTFWWADKGKGKNDNKPLSPETWQHLKGLVTRQLSGKRLFVVDAFCGANPDTRLSVRFITEVAWQAHFVKNMFIRPSDEELAGFKPDFIVMNGAKCTNPQWKEQGLNSENFVAFNLTERMQLIGGTWYGGEMKKGMFSMMNYLLPLKGIASMHCSANVGEKGDVAVFFGLSGTGKTTLSTDPKRRLIGDDEHGWDDDGVFNFEGGCYAKTIKLSKEAEPEIYNAIRRDALLENVTVREDGTIDFDDGSKTENTRVSYPIYHIDNIVKPVSKAGHATKVIFLTADAFGVLPPVSRLTADQTQYHFLSGFTAKLAPTPTFSACFGAAFLSLHPTQYAEVLVKRMQAAGAQAYLVNTGWNGTGKRISIKDTRAIIDAILNGSLDNAETFTLPMFNLAIPTELPGVDTKILDPRNTYASPEQWQEKAETLAKLFIDNFDKYTDTPAGAALVAAGPKL,-1
621,LKVFERVYPFGWLGLLADTPPVSHELIYANHPRGFALCSQRSATRSRYYVQVPLTEKVEDWSDERFWTELKARLPAEVAEKLVTGPSLEKSIAPLRSFVVEP,-1
622,RDCCTXXKKCKDRQCKXQRCCA,-1
623,LMVKCPAQDCNEEVSLEKYNHHVSSHKESK,-1
624,APLEPEYPGDNATPEQMAQYAAELRRYINMLTRPRY,-1
625,SLDEKNSVSVDLPGEMKVLVSKEKNKDGKYDLIATVDKLELKGTSDKNNGSGVLEGVKADKCKVKLTISDDLGQTTLEVFKEDGKTLVSKKVTSKDKSSTEEKFNEKGEVSEKIITRADGTRLEYTGIKSDGSGKAKEVLKGYVLEGTLTAEKTTLVVKEGTVTLSKNISKSGEVSVELNDTDSSAATKKTAAWNSGTSTLTITVNSKKTKDLVFTKENTITVQQYDSNGTKLEGSAVEITKLDEIKNALK,-1
626,IPGKDLDNIYLMRGRQWAIKLKQKTVDPEVNNVVVIGSGYIGIEAAEAFAKAGKKVTVIDILDRPLGVYLDKEFTDVLTEEMEANNITIATGETVERYEGDGRVQKVVTDKNAYDADLVVVAV,-1
627,KPLHDISYAYLGDARNNMGNSLLLIGAKLGMDVRIAAPKALWPHDEFVAQCKKFAEESGAKLTLTEDPKEAVKGVDFVHTDVWVSMGEPVEAWGERIKELLPYQVNMEIMKATGNPRAKFMHCLPAFHNSETKVGKQIAEQYPNLANGIEVTEDVFESPYNIAFEQAENRMHTIKAILVSTLADI,-1
628,GSDRFVKGTCPKCKSPDQYGDNCEVCGA,-1
629,AAPCFCSGKPGRGDLWILRGTCPGGYGYTSNCYKWPNICCYPH,-1
630,STLPRFDSVDLGNAPVPADAARRFEELAAKAGTGEAWETAEQIPVGTLFNEDVYKDMDWLDTYAGIPPFVHGPYATMYAFRPWTIRQYAGFSTAKESNAFYRRNLAAGQKGLSVAFDLPTHRGYDSDNPRVAGDVGMAGVAIDSIYDMRELFAGIPLDQMSVSMTMNGAVLPILALYVVTAEEQGVKPEQLAGTIQNDILKEFMVRNTYIYPPQPSMRIISEIFAYTSANMPKWNSISISGYHMQEAGATADIEMAYTLADGVDYIRAGESVGLNVDQFAPRLSFFWGIGMNFFMEVAKLRAARMLWAKLVHQFGPKNPKSMSLRTHSQTSGWSLTAQDVYNNVVRTCIEAMAATQGHTQSLHTNSLDEAIALPTDFSARIARNTQLFLQQESGTTRVIDPWSGSAYVEELTWDLARKAWGHIQEVEKVGGMAKAIEKGIPKMRIEEAAARTQARIDSGRQPLIGVNKYRLEHEPPLDVLKVDNSTVLAEQKAKLVKLRAERDPEKVKAALDKITWAAGNPDDKDPDRNLLKLCIDAGRAMATVGEMSDALEKVFGRYT,-1
631,MLIKGPWTKEEDQRVIKLVQKYGPKRWSVIAKHLKGRIGKQCRERWHNHLNPEVK,-1
632,RTVYAFSARPLAGGEPFNLSSLRGKVLLIENVASLGTTVRDYTQMNDLQRRLGPRGLVVLGFPCNQFGHQENAKNEEILNCLKYVRPGGGFEPNFMLFEKCEVNGEKAHPLFAFLREVLPTPSDDATALMTDPKFITWSPVCRNDVSWNFEKFLVGPDGVPVRRYSRRFLTIDIEPDIETLLS,-1
633,TQISDFHVATRFNDDFSRAVLEAEVQMCGELRDYLRVTVSLWQGETQVASGTAPFGGEIIDERGGYADRVTLRLNVENPKLWSAEIPNLYRAVVELHTADGTLIEAEACDVGFR,-1
634,DACEQAAIQCVESACESLCTEGEDRTGCYMYIYSNCPPYV,-1
635,APRLPQCQGDDQEKCLCNKDECPPGQCRFPRGDADPYCE,-1
636,EEKKVPINLWLDGKQNTVPLETVKTNKKNVTVQELDLQARRYLQEKYNLYNSDVFDGKVQRGLIVFHTSTEPSVNYDLFGAQGQYSNTLLRIYRDNKTINSENMHIDIYLYTS,-1
637,STKKTQLQLEHLLLDLQMILNGINNYKNPKLTRMLTFKFYMPKKATELKHLQCLEEELKPLEEVLNLAQSKNFHLRPRDLISNINVIVLELKCEYADETATIVEFLNRWITFAQSIISTLT,-1
638,FGLTANSDTHLLQGQSLTLTLESPPGSSPSVQCRSPRGKNIQGGKTLSVSQLELQDSGTWTCTVLQNQKKVEFKIDIVVLA,-1
639,MAPAQPLSENPPNHILFLTNLPEETNELMLSMLFNQFPGFKEVRLVPGRHDIAFVEFDNEVQAGAARDALQGFKITQNNAMKISFAKK,-1
640,DTYAATRYPVILVHGLAGTDKFANVVDYWYGIQSDLQSHGAKVYVANLSGFQSDDGPNGRGEQLLAYVKQVLAATGATKVNLIGHSQGGLTSRYVAAVAPQLVASVTTIGTPHRGSEFADFVQDVLKTDPTGLSSTVIAAFVNVFGTLVSSSHNTDQDALAALRTLTTAQTATYNRNFPSAGLGAPGSCQTGAATETVGGSQHLLYSWGGTAIQPTSTVLGVTGATDTSTGTLDVANVTDPSTLALLATGAVMINRASGQNDGLVSRCSSLFGQVISTSYHWNHLDEINQLLGVRGANAEDPVAVIRTHVNRLKLQGV,-1
641,GIDPNYRTNRQVVGEHSGHKVYGPVEPPVLGIHGTIVGVDFDLCIADGSCINACPVNVFQWYDTPGHPASEKKADPVNEQACIFCMACVNVCPVAAIDVKPP,-1
642,DTIKWVTLKHNGVIFPPPYQPLPSHIKLYYDGKPVDLPPQAEEVAGFFAALLESDHAKNPVFQKNFFNDFLQVLKESGGPLNGIEIKEFSRCDFTKMFDYFQLQKEQKKQLEKKQIRLEREKFEEDYKFCELDGRREQVGNFKVEPPDLFRGRGAHPKTGKLKRRVNPEDIVLNLSKDAPVPPAPEGHKWGEIRHDNTVQWLAMWRENIFNSFKYVRLAA,-1
643,XDWLTFQKKHITNTRDVDCDNIMSTNLFHCKDKNTFIYSRPEPVKAICKGIIASKNVLTTSEFYLSDCNVTSRPCKYKLKKSTNKFCVTCENQAPVHFVGVGSC,-1
